time_s,T_inf_C,C_inf_kg_per_kg
0.0,28.0,0.01963
7.20360180090045,28.0563061997253,0.01967058614508309
14.4072036018009,28.11471586478132,0.01971304958149544
21.61080540270135,28.175148435408982,0.019757307240696527
28.8144072036018,28.23752335184918,0.01980327605414584
36.01800900450225,28.301760054342818,0.01985087295330285
43.2216108054027,28.367777983130804,0.01990001486962704
50.42521260630315,28.435496578454046,0.01995061873457789
57.6288144072036,28.504835280553444,0.020002601479614888
64.83241620810405,28.576909655226956,0.020056569623867905
72.0360180090045,28.654665098143933,0.02011425874917419
79.23961980990495,28.736608380856516,0.020174927811212218
86.4432216108054,28.82092700765093,0.020237654579654586
93.64682341170585,28.9058084828134,0.020301516824173887
100.8504252126063,28.989440310630158,0.020365592314442724
108.05402701350675,29.070009995387434,0.02042895882013369
115.2576288144072,29.145705041371443,0.02049069411091938
122.46123061530764,29.21507425437517,0.020549972372099375
129.6648324162081,29.281312193378646,0.020607465055651156
136.86843421710856,29.34555487692876,0.020663833117603652
144.072036018009,29.407722056743655,0.020719474947896104
151.27563781890944,29.467733484541498,0.02077478893646773
158.4792396198099,29.52550891204044,0.020830173473257763
165.68284142071036,29.58096809095863,0.02088602694820543
172.8864432216108,29.63403077301423,0.020942747751249952
180.09004502251125,29.68461634177369,0.021000734374917576
187.2936468234117,29.730588734385904,0.021060843603080706
194.49724862431214,29.771327388469953,0.021123063319877698
201.7008504252126,29.80885041425426,0.02118653724775096
208.90445222611305,29.845175921967222,0.021250409109142894
216.1080540270135,29.882322021837272,0.021313822626495917
223.31165582791394,29.92230682409282,0.021375921522252418
230.5152576288144,29.96714843896228,0.021435849518854813
237.71885942971485,30.01886497667407,0.021492750338745502
244.92246123061528,30.08243923729383,0.021546098764298867
252.12606303151574,30.16547239495664,0.021596743689674187
259.3296648324162,30.263303274301705,0.021645335181767734
266.53326663331666,30.370509673913592,0.021692476606285233
273.7368684342171,30.481669392376887,0.02173877132893243
280.9404702351176,30.59136022827616,0.021784822715415042
288.144072036018,30.69415998019598,0.02183123413143881
295.34767383691843,30.784646446720938,0.02187860894270946
302.5512756378189,30.85827754513365,0.021927434529175838
309.75487743871935,30.922007132972304,0.02197679562094266
316.9584792396198,30.97988416753582,0.022026389434017263
324.16208104052026,31.033519927986468,0.022076259982849216
331.3656828414207,31.084525693486526,0.022126451281888077
338.5692846423211,31.13451274319827,0.022177007345583404
345.7728864432216,31.185092356283967,0.02222797218838476
352.97648824412204,31.237875811905912,0.022279389824741706
360.1800900450225,31.294474647739907,0.022331304291629234
367.38369184592295,31.356324168408353,0.02238377926731881
374.5872936468234,31.422498302984426,0.022436805874900136
381.79089544772387,31.49112605903616,0.022490324568427283
388.99449724862427,31.56033644413159,0.022544275801954332
396.1980990495247,31.628258465838755,0.022598600029535332
403.4017008504252,31.693021131725693,0.022653237705224368
410.60530265132564,31.752753449360434,0.0227081292830755
417.8089044522261,31.805584426311018,0.022763215217142797
425.01250625312656,31.850259109911523,0.022818395886738705
432.216108054027,31.8885301138487,0.02287358977183528
439.4197098549274,31.922367763499512,0.02292892651778795
446.6233116558279,31.953682987588635,0.022984546510247776
453.82691345672833,31.984386714840756,0.023040590134865844
461.0305152576288,32.01638987398053,0.023097197777293212
468.23411705852925,32.051603393732655,0.023154509823180958
475.4377188594297,32.09193820282181,0.02321266665818015
482.64132066033017,32.13965976292429,0.023271844215300964
489.84492246123057,32.19903016636613,0.0233324251713086
497.048524262131,32.26848984957685,0.023394221579097027
504.2521260630315,32.34509710227604,0.02345690831701752
511.45572786393194,32.42591021418326,0.023520160263421342
518.6593296648324,32.507987475018076,0.02358365229665976
525.8629314657328,32.58838717450005,0.02364705929508404
533.0665332666333,32.66416760234875,0.02371005613704544
540.2701350675337,32.73239026233586,0.023772319877741952
547.4737368684342,32.793360030571286,0.023835101528391592
554.6773386693346,32.850004690704935,0.0238991160191934
561.8809404702351,32.903819798823754,0.023963572279014723
569.0845422711355,32.95630091101469,0.024027679236722926
576.288144072036,33.00894358336468,0.02409064582118535
583.4917458729365,33.06324337196067,0.02415168096126936
590.6953476738369,33.1206958328896,0.0242099935858423
597.8989494747374,33.18279652223842,0.02426479262377153
605.1025512756378,33.25218485073196,0.024315530861247825
612.3061530765383,33.33131690843366,0.024362881981640043
619.5097548774387,33.4172991442477,0.024407672891720557
626.7133566783391,33.50697815222353,0.024450711827573062
633.9169584792396,33.5972005264106,0.024492807025281286
641.12056028014,33.68481286085837,0.02453476672092894
648.3241620810405,33.7666617496163,0.02457739915059973
655.5277638819409,33.83959378673382,0.024621512550377377
662.7313656828414,33.90094325615456,0.02466774573953372
669.9349674837418,33.95409746970897,0.024714925879927973
677.1385692846422,34.00179002716316,0.024762675349220203
684.3421710855428,34.04576143286348,0.024811020496516446
691.5457728864432,34.08775219115627,0.024859987670922724
698.7493746873437,34.129502806387876,0.024909603221545052
705.9529764882441,34.17275378290467,0.02495989349748946
713.1565782891446,34.21924562505297,0.025010884847861962
720.360180090045,34.2707211749945,0.025062602404069004
727.5637818909454,34.32922284608571,0.02511459979910234
734.7673836918459,34.39399661702618,0.025166744149490394
741.9709854927463,34.462853445919464,0.02521939179783379
749.1745872936468,34.53360429086911,0.025272899086733143
756.3781890945472,34.604060109978654,0.02532762235878909
763.5817908954477,34.67203186135164,0.025383917956602248
770.7853926963481,34.735330503091625,0.025442142222773245
777.9889944972485,34.791766993302154,0.0255026514999027
785.192596298149,34.8405390127693,0.0255666596074347
792.3961980990495,34.8847891314786,0.025635913688246657
799.59979989995,34.92571340667461,0.025709051575251756
806.8034017008504,34.964341713950496,0.025784558181861914
814.0070035017509,35.00170392889941,0.025860918421489017
821.2106053026513,35.03882992711452,0.025936617207544987
828.4142071035517,35.076749584188974,0.026010139453441713
835.6178089044522,35.11649277571595,0.02607997007259111
842.8214107053526,35.158760916328426,0.02614513210129
850.0250125062531,35.201257522468815,0.0262095073193317
857.2286143071535,35.243740835642996,0.026273510605674746
864.432216108054,35.286729975284864,0.026336300199108553
871.6358179089544,35.33074406082827,0.02639703433842251
878.8394197098548,35.37630221170709,0.026454871262406022
886.0430215107554,35.42392354735519,0.026508969209848483
893.2466233116558,35.47412718720644,0.026558486419539305
900.4502251125563,35.52744922768997,0.026602581042923172
907.6538269134567,35.58854486669219,0.026640824287926024
914.8574287143572,35.658489872459974,0.026674341426192762
922.0610305152576,35.73398014781312,0.02670461834624193
929.264632316158,35.81171159557142,0.026733140936592077
936.4682341170585,35.888380118554636,0.026761395085761752
943.6718359179589,35.96068161958258,0.0267908666822695
950.8754377188594,36.02531200147504,0.02682304161463387
958.0790395197598,36.0789671670518,0.02685940577137341
965.2826413206603,36.12035176390831,0.026900902044640046
972.4862431215607,36.154143708645876,0.026946635898534233
979.6898449224611,36.18280202263422,0.026996095775650333
986.8934467233616,36.20858604512355,0.027048818823566228
994.097048524262,36.23375511536402,0.027104342189859798
1001.3006503251626,36.260568572605834,0.027162203022108932
1008.504252126063,36.291285756099164,0.027221938467891508
1015.7078539269635,36.32816600509422,0.027283085674785407
1022.9114557278639,36.37469794393088,0.0273459620641103
1030.1150575287643,36.441601996430535,0.02741639998259549
1037.3186593296648,36.526110940821354,0.027493393265571407
1044.5222611305653,36.62230174799692,0.027574099124837347
1051.7258629314656,36.72425138885081,0.0276556747721926
1058.9294647323661,36.82603683427659,0.027735277419436464
1066.1330665332666,36.921735055167865,0.027810064278368234
1073.3366683341671,37.005423022418185,0.027877192560787203
1080.5402701350674,37.07122085626475,0.0279338320825043
1087.743871935968,37.12341617400246,0.027980651289435454
1094.9474737368685,37.16921688660589,0.028020996452453335
1102.1510755377687,37.210359724003126,0.02805700713653939
1109.3546773386693,37.248581416122256,0.028090822906675073
1116.5582791395698,37.285618692891376,0.028124583327841835
1123.7618809404703,37.323208284238554,0.028160427965021124
1130.9654827413706,37.36308692009188,0.02820049638319439
1138.169084542271,37.40699133037943,0.028246928147343094
1145.3726863431716,37.45677606754457,0.028304198185791166
1152.576288144072,37.512534409119965,0.02837676646592742
1159.7798899449724,37.57224754208454,0.028460287286102157
1166.983491745873,37.63384194626544,0.02855007019589707
1174.1870935467734,37.695244101489834,0.028641424744893836
1181.3906953476737,37.754380487584896,0.02872966048267415
1188.5942971485742,37.80917758437778,0.028810086958819706
1195.7978989494748,37.85756187169565,0.028878013722912182
1203.001500750375,37.897705680019534,0.02892989535109634
1210.2051025512756,37.93096863587961,0.02897294446510244
1217.408704352176,37.959506013932305,0.029010641650266143
1224.6123061530766,37.98521649695107,0.02904457957409366
1231.8159079539769,38.00999876770931,0.0290763509040912
1239.0195097548774,38.03575150898049,0.029107548307764963
1246.223111555778,38.06437340353802,0.029139764452621158
1253.4267133566782,38.09776313415534,0.029174592006165987
1260.6303151575787,38.13786603378797,0.029213603022715588
1267.8339169584792,38.19235534724997,0.02925504926881476
1275.0375187593797,38.26256023669193,0.02929732635292888
1282.24112056028,38.34382712181922,0.029340917742754092
1289.4447223611805,38.43150242233718,0.029386306905986554
1296.648324162081,38.520932557951205,0.029433977310322403
1303.8519259629813,38.60746394836661,0.02948441242345779
1311.0555277638819,38.68644301328878,0.02953809571308886
1318.2591295647824,38.75321617242308,0.029595510646911762
1325.4627313656829,38.80716471388767,0.029661268343817694
1332.6663331665832,38.856083230435516,0.029742608722118917
1339.8699349674837,38.90122452124762,0.029834569178306573
1347.0735367683842,38.94348564197444,0.029931710261282926
1354.2771385692845,38.98376364826638,0.03002859251995023
1361.480740370185,39.02295559577391,0.03011977650321075
1368.6843421710855,39.06195854014744,0.030199822759966754
1375.887943971986,39.1016695370374,0.0302632918391205
1383.0915457728863,39.14306621058051,0.030306347058321907
1390.2951475737868,39.18694372303354,0.03033904555669751
1397.4987493746873,39.23224799899641,0.03036581436888601
1404.7023511755876,39.27766219102233,0.03038864874504906
1411.9059529764882,39.321869451664455,0.03040954393534834
1419.1095547773887,39.363552933475994,0.0304304951899455
1426.3131565782892,39.40139578901014,0.03045349775900221
1433.5167583791895,39.43408117082006,0.030480546892680125
1440.72036018009,39.46030373165233,0.03051365334520671
1447.9239619809905,39.48064537006934,0.03055579132830933
1455.1275637818908,39.49704434383998,0.030606563831025967
1462.3311655827913,39.510870036213355,0.03066374865790777
1469.5347673836918,39.52349183043854,0.030725123613505892
1476.7383691845923,39.53627910976464,0.030788466502371492
1483.9419709854926,39.55060125744072,0.030851555129055713
1491.1455727863931,39.56782765671587,0.030912167298109715
1498.3491745872936,39.589327690839205,0.030968080814084652
1505.552776388194,39.62037804634916,0.031018745583951412
1512.7563781890944,39.668015146807996,0.03106718443364861
1519.959979989995,39.72782362791147,0.031114047783416882
1527.1635817908955,39.79498864580418,0.031159862324293172
1534.3671835917958,39.8646953566307,0.03120515474731444
1541.5707853926963,39.93212891653564,0.03125045174351762
1548.7743871935968,39.992474481663585,0.03129628000393969
1555.977988994497,40.04091720815912,0.03134316621961759
1563.1815907953976,40.07399525657979,0.03139155871446829
1570.385192596298,40.09943880420624,0.031441109060811726
1577.5887943971986,40.12058398441645,0.031491465414781705
1584.792396198099,40.13893292946047,0.03154235988596301
1591.9959979989994,40.15598777158837,0.031593524583940415
1599.1995997999,40.1732506430502,0.031644691618298686
1606.4032016008002,40.19222367609603,0.03169559309862259
1613.6068034017007,40.2144090029759,0.03174596113449691
1620.8104052026013,40.24130915541788,0.031795528336986144
1628.0140070035018,40.273995716226814,0.031844181473733205
1635.217608804402,40.312022962182354,0.03189213500714793
1642.4212106053026,40.354622204299375,0.03193964036419692
1649.624812406203,40.40102475359274,0.03198694897184679
1656.8284142071034,40.45046192107733,0.03203431225706412
1664.032016008004,40.502165017767986,0.03208198164681554
1671.2356178089044,40.55536535467957,0.032130208568067635
1678.439219609805,40.60929424282697,0.032179244447787025
1685.6428214107052,40.66588122034783,0.03222916222404372
1692.8464232116057,40.729465517202875,0.032279658680881125
1700.0500250125062,40.798021056048974,0.032330662691487856
1707.2536268134065,40.86930378779446,0.03238211434847931
1714.457228614307,40.94106966334767,0.03243395374447088
1721.6608304152076,41.01107463361692,0.032486120972077946
1728.864432216108,41.07707464951056,0.0325385561239159
1736.0680340170084,41.13682566193691,0.03259119929260015
1743.2716358179089,41.18860013474018,0.03264414544764514
1750.4752376188094,41.235070331418584,0.0326983026109016
1757.6788394197097,41.27789505305205,0.03275341608345801
1764.8824412206102,41.31815198895174,0.03280898559458244
1772.0860430215107,41.35691882842884,0.03286451087354294
1779.2896448224112,41.395273260794525,0.03291949164960757
1786.4932466233115,41.43429297535997,0.03297342765204439
1793.696848424212,41.47505566143638,0.03302581861012145
1800.9004502251125,41.51869914924564,0.03307615192426758
1808.1040520260128,41.56994671600818,0.033123314792251494
1815.3076538269133,41.62849937482272,0.03316764671314244
1822.5112556278139,41.690478829800476,0.03321030249394762
1829.7148574287144,41.752006785052714,0.033252436941674256
1836.9184592296147,41.80920494469063,0.033295204863329514
1844.1220610305152,41.85819501282547,0.03333976106592061
1851.3256628314157,41.89509869356846,0.03338726035645475
1858.529264632316,41.916037691030844,0.03343885754193913
1865.7328664332165,41.923269064729084,0.03349663054582779
1872.936468234117,41.92814696102813,0.033561925914434985
1880.1400700350175,41.93162600539689,0.03363274559053735
1887.3436718359178,41.93428801026613,0.0337070082796362
1894.5472736368183,41.93671478806662,0.03378263268723287
1901.7508754377188,41.93948815122909,0.03385753751882865
1908.9544772386191,41.94318991218434,0.03392964147992485
1916.1580790395196,41.94840188336309,0.033996863276022825
1923.3616808404201,41.9569365123369,0.03405793535291312
1930.5652826413207,41.97672847587041,0.034117007388041944
1937.768884442221,42.00701527996357,0.03417474663182926
1944.9724862431215,42.04528017567091,0.034230841382015875
1952.176088044022,42.08900641404698,0.034284979936342566
1959.3796898449223,42.135677246146294,0.03433685059255011
1966.5832916458228,42.18277592302343,0.0343861416483793
1973.7868934467233,42.22778569573289,0.034432541401570906
1980.9904952476238,42.26828993014367,0.03447572947267524
1988.194097048524,42.308591277385574,0.03451510570584208
1995.3976988494246,42.35120123001424,0.03455115180847716
2002.6013006503251,42.3948461825971,0.03458485152554745
2009.8049024512254,42.438252529701586,0.03461718860201987
2017.008504252126,42.48014666589512,0.03464914678286136
2024.2121060530264,42.51925498574514,0.03468170981303886
2031.415707853927,42.55430388381907,0.03471586143751931
2038.6193096548272,42.58401975468432,0.03475258540126964
2045.8229114557278,42.608211709427906,0.034792052297515
2053.0265132566283,42.62896940690079,0.03483303008982669
2060.2301150575286,42.647255234141554,0.03487538877425925
2067.4337168584293,42.66398410448335,0.03491903748500338
2074.6373186593296,42.680070931259266,0.034963885356249794
2081.84092046023,42.69643062780244,0.0350098415221892
2089.0445222611306,42.71397810744599,0.03505681511701232
2096.248124062031,42.733628283523025,0.03510471527490987
2103.451725862931,42.75601136547136,0.035153556801020294
2110.655327663832,42.77989255732699,0.03520391218152823
2117.8589294647322,42.80508901272802,0.03525574573648206
2125.0625312656325,42.831718202337804,0.03530889363977769
2132.2661330665333,42.85989759681972,0.035363192065311
2139.4697348674335,42.88974466683712,0.03541847718697788
2146.6733366683343,42.921376883053355,0.035474585178674224
2153.8769384692346,42.954911716131804,0.0355313522142959
2161.080540270135,42.99057391161122,0.03558865688536598
2168.2841420710356,43.03374236666034,0.03564847878637503
2175.487743871936,43.08509758216354,0.03571112811021628
2182.691345672836,43.14148083525765,0.03577543139575983
2189.894947473737,43.19973340307949,0.035840215181875745
2197.098549274637,43.25669656276584,0.03590430600743409
2204.3021510755375,43.30921159145354,0.03596653041130494
2211.5057528764382,43.35411976627939,0.036025714932358364
2218.7093546773385,43.38826236438019,0.03608068610946444
2225.912956478239,43.41175588086389,0.036133385787180596
2233.1165582791396,43.43028493138216,0.036188162900925226
2240.32016008004,43.44544142032045,0.03624316206503343
2247.5237618809406,43.458685922707524,0.036296375003142096
2254.727363681841,43.47147901357215,0.03634579343888807
2261.930965482741,43.485281267943094,0.036389409095908216
2269.134567283642,43.50155326084913,0.03642521369783941
2276.338169084542,43.521755567319005,0.03645119896831851
2283.5417708854425,43.548851231797286,0.036466464017234274
2290.745372686343,43.591324380876884,0.036476990861675294
2297.9489744872435,43.64631036713119,0.0364848436616002
2305.152576288144,43.709071545349836,0.03649103284826181
2312.3561780890445,43.77487027032244,0.03649656885291292
2319.559779889945,43.838968896838594,0.036502462106806376
2326.763381690845,43.89662977968792,0.036509723041194986
2333.966983491746,43.943115273660034,0.03651936208733157
2341.170585292646,43.97387549119008,0.03653255981465118
2348.374187093547,43.99460659574996,0.036557567523900866
2355.577788894447,44.01100069456413,0.03659616673005013
2362.7813906953475,44.02448310905369,0.036645123550854454
2369.984992496248,44.03647916063975,0.03670120410406934
2377.1885942971485,44.0484141707434,0.03676117450745025
2384.3921960980488,44.061713460785754,0.03682180087875269
2391.5957978989495,44.0778023521879,0.03687984933573215
2398.79939969985,44.09810616637094,0.036932085996144115
2406.00300150075,44.12727268846464,0.03697864861766494
2413.206603301651,44.16967891534241,0.03702436929401263
2420.410205102551,44.221588187462196,0.037069457802582695
2427.6138069034514,44.27911033799163,0.037114004444913556
2434.817408704352,44.33835520009841,0.037158099522543696
2442.0210105052524,44.395432606950195,0.03720183333701154
2449.224612306153,44.446452391714665,0.03724529618985551
2456.4282141070535,44.48752438755946,0.037288578382614054
2463.6318159079538,44.516696269929305,0.03733154138723492
2470.8354177088545,44.54286331732615,0.03737311528205006
2478.039019509755,44.56744317674621,0.03741365257162355
2485.242621310655,44.59012588358193,0.037453747747246545
2492.446223111556,44.61060147322582,0.03749399530021017
2499.649824912456,44.628559981070325,0.03753498972180557
2506.8534267133564,44.64369144250794,0.0375773255033239
2514.057028514257,44.65568589293112,0.0376215971360563
2521.2606303151574,44.66425609261291,0.03766845525375085
2528.4642321160577,44.670251911152626,0.03772030351784545
2535.6678339169584,44.67465262430458,0.0377768519913001
2542.8714357178587,44.67803279786478,0.03783629018460302
2550.0750375187595,44.680966997629255,0.03789680760824246
2557.2786393196598,44.68402978939404,0.03795659377270666
2564.48224112056,44.68779573895514,0.03801383818848385
2571.685842921461,44.69283941210859,0.03806673036606227
2578.889444722361,44.6997353746504,0.03811345981593016
2586.0930465232614,44.71692748230473,0.03815458121199218
2593.296648324162,44.75532361596848,0.0381935229239726
2600.5002501250624,44.80955986515301,0.038230431217131024
2607.7038519259627,44.87398623760246,0.03826538125336664
2614.9074537268634,44.94295274106088,0.03829844819457863
2622.1110555277637,45.01080938327238,0.03832970720266615
2629.314657328664,45.07190617198106,0.038359233439528406
2636.5182591295647,45.12059311493102,0.03838710206706456
2643.721860930465,45.154226671528754,0.03841302266644199
2650.9254627313658,45.18578021111562,0.038435450959417077
2658.129064532266,45.2165864354438,0.038455230265643785
2665.3326663331663,45.245523306749874,0.03847356791670484
2672.536268134067,45.27146878727039,0.038491671244182936
2679.7398699349674,45.29330083924194,0.03851074757966079
2686.9434717358677,45.30989742490106,0.03853200425472111
2694.1470735367684,45.320136506484324,0.0385566486009466
2701.3506753376687,45.32304330090296,0.03858600361882469
2708.554277138569,45.323229082543556,0.03862470769698665
2715.7578789394697,45.32335376346718,0.03867287775824447
2722.96148074037,45.32343784975384,0.03872805539348302
2730.1650825412703,45.32350184748355,0.03878778219358718
2737.368684342171,45.323566262736335,0.038849599749441834
2744.5722861430713,45.32365160159221,0.03891104965193185
2751.775887943972,45.32377837013117,0.038969673491942115
2758.9794897448724,45.32396707443327,0.0390230128603575
2766.1830915457726,45.32636453584317,0.03907271120196581
2773.3866933466734,45.33411855312362,0.03912386518947621
2780.5902951475737,45.346509758846935,0.03917522507105065
2787.793896948474,45.36275818507349,0.03922543303756464
2794.9974987493747,45.382083863863706,0.0392731312798937
2802.201100550275,45.403706827277986,0.03931696198891335
2809.4047023511753,45.4268471073767,0.03935556735549911
2816.608304152076,45.45072473622029,0.03938758957052649
2823.8119059529763,45.47720994352629,0.03941208597252228
2831.0155077538766,45.517930853314404,0.03943105400844662
2838.2191095547773,45.56982578290128,0.03944626654943546
2845.4227113556776,45.62756691115771,0.03945927530154583
2852.6263131565784,45.685826416954484,0.039471631970834815
2859.8299149574786,45.7392764791624,0.03948488826335947
2867.033516758379,45.78258927665223,0.03950059588517686
2874.2371185592797,45.81043698829481,0.03952030654234404
2881.44072036018,45.81786553885711,0.039546180326338325
2888.6443221610803,45.81355314373819,0.03959709658203144
2895.847923961981,45.80437704230697,0.03967410849534114
2903.0515257628813,45.79197783823872,0.03976731327210477
2910.2551275637816,45.77799613520871,0.039866808118159666
2917.4587293646823,45.76407253689219,0.039962690239343214
2924.6623311655826,45.75184764696444,0.04004505684149274
2931.865932966483,45.74296206910071,0.040104005130445604
2939.0695347673836,45.73905640697629,0.04012963231203917
2946.273136568284,45.74383467762657,0.040129389844476754
2953.4767383691847,45.75961373142087,0.040127426232531294
2960.680340170085,45.78353776011442,0.04012450992826176
2967.8839419709852,45.812692895027695,0.04012105627437074
2975.087543771886,45.84416526748119,0.04011748061356081
2982.2911455727863,45.875041008795364,0.04011419828853461
2989.4947473736866,45.90240625029071,0.04011162464199471
2996.6983491745873,45.92334712328771,0.040110175016643726
3003.9019509754876,45.93611969712736,0.040117889446378466
3011.105552776388,45.94528141417314,0.04016856206731174
3018.3091545772886,45.952419766447676,0.040254640490398313
3025.512756378189,45.95841752435212,0.04036262607780372
3032.716358179089,45.96415745828766,0.04047902019169351
3039.91995997999,45.97052233865545,0.04059032419423324
3047.12356178089,45.978394935856656,0.04068303944758842
3054.327163581791,45.988658020292455,0.040743667313924606
3061.5307653826912,46.00283458650346,0.04075988483061979
3068.7343671835915,46.03860296400587,0.040756555729063865
3075.9379689844923,46.09785278913123,0.04074954824869806
3083.1415707853926,46.17278365079773,0.04074010841763014
3090.345172586293,46.255595137923606,0.04072948226396794
3097.5487743871936,46.338486839427034,0.04071891581581923
3104.752376188094,46.41365834422622,0.04070965510129182
3111.955977988994,46.473309241239356,0.0407029461484935
3119.159579789895,46.509639119384666,0.04070003498553206
3126.363181590795,46.526644736124446,0.040714298835464194
3133.5667833916955,46.53991300228437,0.04076025190180464
3140.770385192596,46.550544460096674,0.040830096884103086
3147.9739869934965,46.55945363279851,0.0409158038234426
3155.1775887943973,46.56755504362709,0.04100934276090629
3162.3811905952975,46.57576321581958,0.04110268373757723
3169.584792396198,46.584992672613154,0.04118779679453852
3176.7883941970986,46.59615793724501,0.04125665197287324
3183.991995997999,46.60999861762661,0.04130487853228019
3191.195597798899,46.6260519884973,0.04134590691551939
3198.3991995998,46.643855482082465,0.041382859333765884
3205.6028014007,46.66301643829236,0.04141679056975875
3212.8064032016005,46.68314219703729,0.04144875540623705
3220.010005002501,46.70384009822756,0.0414798086259399
3227.2136068034015,46.72471748177344,0.041511005011606365
3234.417208604302,46.745381687585216,0.041543399345975535
3241.6208104052025,46.76559568799425,0.041578027267231615
3248.824412206103,46.788747161208924,0.041614961725833455
3256.0280140070035,46.814972941609234,0.04165333285293701
3263.231615807904,46.84241691159494,0.0416923090831737
3270.435217608804,46.869222953565775,0.041731058851175
3277.638819409705,46.893534949921495,0.041768750591572354
3284.842421210605,46.913496783061845,0.0418045527389972
3292.0460230115054,46.92725233538656,0.041837633728081
3299.249624812406,46.9329454892954,0.0418671619934552
3306.4532266133065,46.93232348247164,0.04189294901839906
3313.6568284142068,46.93023136666675,0.04191605205448594
3320.8604302151075,46.927149826667524,0.041937211231098406
3328.064032016008,46.92351497231168,0.041957160814799985
3335.267633816908,46.91976291343694,0.041976635072154184
3342.471235617809,46.91632975988104,0.041996368269724534
3349.674837418709,46.91365162148171,0.04201709467407456
3356.87843921961,46.91216460807668,0.04203954855176779
3364.08204102051,46.91434632512824,0.042064450063184745
3371.2856428214104,46.92843070000904,0.042091876334711474
3378.489244622311,46.95206445259556,0.04212115236463157
3385.6928464232114,46.9815717999698,0.04215156613688342
3392.8964482241117,47.013276959213755,0.04218240563540543
3400.1000500250125,47.04350414740944,0.04221295884413601
3407.3036518259128,47.06857758163884,0.04224251374701356
3414.507253626813,47.08482147898397,0.04227035832797647
3421.710855427714,47.08880618151424,0.0422957890269796
3428.914457228614,47.08416724807269,0.04231866717828653
3436.1180590295144,47.07460455668644,0.04233967406238156
3443.321660830415,47.06180024530099,0.04235954394582823
3450.5252626313154,47.047436451861884,0.04237901109519005
3457.728864432216,47.03319531431464,0.04239880977703057
3464.9324662331164,47.020758970604774,0.04241967425791328
3472.1360680340167,47.011809558677825,0.04244233880440172
3479.3396698349175,47.008029216479315,0.042467537683059414
3486.5432716358177,47.00969629712639,0.04249940270403895
3493.746873436718,47.015206864839435,0.042540662708856335
3500.950475237619,47.02408774191185,0.042587464942861517
3508.154077038519,47.03587704461912,0.04263591556821764
3515.3576788394193,47.05011288923672,0.04268212074708783
3522.56128064032,47.06633339204016,0.042722186641635254
3529.7648824412204,47.084076669304906,0.042752219414023004
3536.9684842421207,47.102880837306444,0.04276832522641424
3544.1720860430214,47.125783943075305,0.042769308358061996
3551.3756878439217,47.165613698662895,0.04276528959292786
3558.5792896448224,47.2185475219357,0.04275858624292954
3565.7828914457227,47.278756539453376,0.04275023666482352
3572.986493246623,47.340411877775594,0.0427412792153663
3580.1900950475238,47.39768466346203,0.04273275225131438
3587.393696848424,47.44474602307235,0.04272569412942425
3594.5972986493243,47.47576708316622,0.042721143206452414
3601.800900450225,47.4857231280781,0.04272081877870162
3609.0045022511254,47.48805695809597,0.042739050947381146
3616.2081040520256,47.48967622508906,0.04277712906419926
3623.4117058529264,47.49082003391931,0.04282960601174484
3630.6153076538267,47.491727489448635,0.04289103467260674
3637.818909454727,47.49263769653899,0.04295596792937383
3645.0225112556277,47.49378976005227,0.043018958664634996
3652.226113056528,47.49542278485044,0.043074559760979084
3659.4297148574287,47.49777587579541,0.04311732410099497
3666.633316658329,47.5032918441593,0.04314833667960101
3673.8369184592293,47.514375298534986,0.043175097246254145
3681.04052026013,47.52996201261349,0.04319890009945234
3688.2441220610303,47.548970091898816,0.043220998255381636
3695.4477238619306,47.570317641895,0.043242644730228104
3702.6513256628314,47.59292276810608,0.0432650925401778
3709.8549274637317,47.61570357603607,0.04328959470141676
3717.058529264632,47.63757817118901,0.04331740423013106
3724.2621310655327,47.65882629428719,0.04335111526794663
3731.465732866433,47.683874260595104,0.043395455892488256
3738.6693346673337,47.71168810853291,0.043447235960637695
3745.872936468234,47.740568169776225,0.04350248129853534
3753.0765382691343,47.76881477600064,0.04355721773232159
3760.280140070035,47.79472825888175,0.04360747108813684
3767.4837418709353,47.81660895009516,0.043649267192121484
3774.6873436718356,47.832757181316474,0.04367863187041593
3781.8909454727363,47.841724511393544,0.043692183482140864
3789.0945472736366,47.84740610575412,0.043699086656686176
3796.298149074537,47.85192439376806,0.043704187013156245
3803.5017508754377,47.85560209365161,0.043708066031334744
3810.705352676338,47.85876192362099,0.04371130519100527
3817.9089544772382,47.861726601892435,0.04371448597195151
3825.112556278139,47.86481884668216,0.04371818985395707
3832.3161580790393,47.868361376206416,0.043722998316805595
3839.51975987994,47.87267690868142,0.04372949284028072
3846.7233616808403,47.87769710836925,0.043738878031465526
3853.9269634817406,47.88304784964142,0.043751886799543546
3861.1305652826413,47.8887417750336,0.04376805650232992
3868.3341670835416,47.89479329387772,0.043786920542065115
3875.537768884442,47.9012168155057,0.04380801232098965
3882.7413706853426,47.90802674924947,0.04383086524134399
3889.944972486243,47.91523750444097,0.043855012705368616
3897.148574287143,47.92286349041211,0.04387998811530402
3904.352176088044,47.931514479419675,0.043907642522997906
3911.5557778889442,47.94310537111584,0.04394544196733909
3918.7593796898445,47.95674650004303,0.04399061376761815
3925.9629814907453,47.97126154595961,0.04403930187789949
3933.1665832916456,47.98547418862393,0.04408765025224756
3940.3701850925463,47.9982081077944,0.04413180284472677
3947.5737868934466,48.008286983229375,0.04416790360940156
3954.777388694347,48.01453449468724,0.044192096500336356
3961.9809904952476,48.01592185795573,0.04420118747445323
3969.184592296148,48.0144153584161,0.04420470025812186
3976.388194097048,48.011257600507165,0.04420720370133668
3983.591795897949,48.0067995488126,0.044209032595488286
3990.7953976988492,48.001392167916116,0.04421052173196724
3997.9989994997495,47.99538642240141,0.04421200590216414
4005.2026013006503,47.98913327685216,0.04421381989746956
4012.4062031015505,47.98298369585207,0.04421629850927407
4019.609804902451,47.977288643984856,0.04421977652896825
4026.8134067033516,47.971232402545965,0.044225609619850594
4034.017008504252,47.96388542845815,0.044234925068482464
4041.2206103051526,47.9558439436851,0.044247323580998255
4048.424212106053,47.94770811843207,0.044262402154587245
4055.627813906953,47.940078122904325,0.04427975778643872
4062.831415707854,47.933554127307104,0.044298987473741995
4070.035017508754,47.92873630184569,0.044319688213686335
4077.2386193096545,47.92622481672531,0.044341457003461045
4084.4422211105552,47.93026774769527,0.04436595234318393
4091.6458229114555,47.95286218953502,0.04439972207287277
4098.849424712356,47.98990186118737,0.044440846088911135
4106.053026513257,48.035717334761856,0.04448654960859699
4113.256628314157,48.084639182367994,0.04453405784922835
4120.460230115057,48.13099797611531,0.044580596028103193
4127.663831915957,48.16912428811334,0.04462338936251951
4134.867433716859,48.1933486904716,0.044659663069775306
4142.071035517759,48.19888476159543,0.044687039975180545
4149.274637318659,48.19687825073377,0.04471032343756661
4156.4782391195595,48.19290003018612,0.04473182143657475
4163.68184092046,48.187635415411755,0.04475164401544816
4170.88544272136,48.181769721869976,0.04476990121743008
4178.089044522261,48.17598826502008,0.04478670308576372
4185.2926463231615,48.170976360321326,0.04480215966369229
4192.496248124062,48.16741932323303,0.044816380994459
4199.699849924962,48.16600246921446,0.044829477121307075
4206.903451725862,48.16960499006814,0.0448409449572931
4214.107053526764,48.1802488702119,0.04485052179738023
4221.310655327664,48.196679609592394,0.04485886108676494
4228.514257128564,48.21763799829001,0.0448666175872954
4235.7178589294645,48.2418648263851,0.04487444606081974
4242.921460730365,48.268100883958056,0.044883001269186096
4250.125062531265,48.29508696108924,0.044892937974242604
4257.328664332166,48.321563847859025,0.044904910937837404
4264.5322661330665,48.349091646263304,0.044920406891731726
4271.735867933967,48.38576352417159,0.04494217260078566
4278.939469734867,48.4288850440681,0.04496896416040002
4286.143071535767,48.47472570695278,0.044999197325022264
4293.346673336669,48.51955501382554,0.045031287849099835
4300.550275137569,48.559642465686274,0.04506365148708018
4307.753876938469,48.59125756353489,0.04509470399341075
4314.957478739369,48.61066980837132,0.045122861122539
4322.16108054027,48.61415976483174,0.04514674477434165
4329.36468234117,48.600474319148844,0.04516850503181941
4336.568284142071,48.57345123682651,0.04518925087421774
4343.7718859429715,48.53753573118856,0.045209108630351554
4350.975487743872,48.49717301555886,0.045228204629035804
4358.179089544772,48.45680830326123,0.04524666519908542
4365.382691345672,48.42088680761951,0.04526461666931535
4372.586293146573,48.39385374195755,0.04528218536854052
4379.789894947474,48.38015431959919,0.04529949762557588
4386.993496748374,48.37532384146273,0.04531612430709052
4394.197098549274,48.37096874159592,0.04533171858954079
4401.400700350175,48.36712418300935,0.045346637299869166
4408.604302151075,48.363832746379316,0.045361237799121774
4415.807903951976,48.3611370123821,0.04537587744834473
4423.0115057528765,48.359079561694024,0.04539091360858415
4430.215107553777,48.357702974991355,0.04540670364088616
4437.418709354677,48.35704983295039,0.04542360490629688
4444.622311155577,48.35934591377112,0.04544174732088046
4451.825912956478,48.3712120291876,0.045460568391299985
4459.029514757379,48.390838790383285,0.04548010744609597
4466.233116558279,48.415680574412036,0.045500469340368645
4473.436718359179,48.44319175832775,0.045521758929218246
4480.64032016008,48.47082671918429,0.045544081067745004
4487.84392196098,48.49603983403555,0.04556754061104916
4495.047523761881,48.516285479935405,0.04559224241423095
4502.251125562781,48.529354022857575,0.04561876901054342
4509.454727363682,48.538544690430854,0.045653172151334805
4516.658329164582,48.54590913790739,0.04569451144001635
4523.861930965482,48.55212689926333,0.045739247434426776
4531.065532766383,48.55787750847482,0.045783840692404806
4538.269134567284,48.563840499518015,0.04582475177178918
4545.472736368184,48.570695406369055,0.04585844123041859
4552.676338169084,48.57912176300411,0.04588136962613178
4559.879939969985,48.58979910339931,0.04588999751676744
4567.083541770885,48.60824225187343,0.04588845908778717
4574.287143571785,48.63736206280069,0.045884276038750386
4581.490745372686,48.67336564711188,0.0458782810571735
4588.694347173587,48.71245851955517,0.04587130482846173
4595.897948974487,48.75084619487875,0.04586417803802028
4603.101550775387,48.7847341878308,0.04585773137125432
4610.305152576288,48.8103280131595,0.04585279551356907
4617.508754377189,48.82383318561302,0.045850201150369724
4624.712356178089,48.82527711236162,0.04585664415156292
4631.915957978989,48.825586325358756,0.04588920942322195
4639.11955977989,48.82579320840566,0.04594251636554761
4646.32316158079,48.82593843564947,0.04600938548325211
4653.52676338169,48.82606268123731,0.04608263728104769
4660.730365182591,48.82620661931634,0.04615509226364655
4667.933966983492,48.82641092403369,0.04621957093576092
4675.137568784392,48.826716269536504,0.04626889380210302
4682.341170585292,48.82785861575709,0.046297328809045024
4689.544772386193,48.838371112306696,0.046319356997037195
4696.748374187094,48.858204337502244,0.046340183410697615
4703.951975987994,48.884055807235086,0.0463592740379801
4711.155577788894,48.912623037396635,0.04637609486683844
4718.359179589795,48.94060354387829,0.04639011188522644
4725.562781390695,48.964694842571404,0.046400791081097896
4732.766383191595,48.981594449367414,0.04640759844240662
4739.969984992496,48.987999880157695,0.04640999995710641
4747.173586793397,48.98784818039056,0.04640684275851531
4754.377188594297,48.987402868417206,0.04639842110835526
4761.580790395197,48.98668317657071,0.04638639636025015
4768.7843921960975,48.98570822005498,0.046372429885010405
4775.987993996998,48.98449711407396,0.04635818305344641
4783.191595797899,48.983068973831564,0.04634531723636854
4790.395197598799,48.98144291453173,0.046335493804587215
4797.5987993997,48.97963805137838,0.046330374128912825
4804.8024012006,48.97646808304546,0.046330541547915785
4812.0060030015,48.96870753002333,0.04633325648228147
4819.209604802401,48.957500932482155,0.04633800842262863
4826.413206603302,48.94432110508496,0.0463445204738222
4833.616808404202,48.930640862494776,0.0463525157407271
4840.820410205102,48.917933019374615,0.046361717328208284
4848.0240120060025,48.9076703903875,0.04637184834113067
4855.227613806903,48.901325790196466,0.046382631884359204
4862.431215607804,48.90116939798757,0.04639411588389726
4869.634817408704,48.91685469833608,0.046409952959872894
4876.838419209605,48.94686534155669,0.04643050429570321
4884.042021010505,48.98613414667767,0.04645483104382087
4891.245622811405,49.02959393272734,0.046481994356658535
4898.449224612306,49.07217751873399,0.04651105538664888
4905.652826413207,49.1088177237259,0.046541075286224566
4912.856428214107,49.13444736673137,0.04657111520781827
4920.060030015007,49.14399923180511,0.046600236668476284
4927.2636318159075,49.13362194140276,0.046632528190934594
4934.467233616808,49.10627779343708,0.046670685444418464
4941.670835417709,49.067095450529834,0.046711941118658305
4948.874437218609,49.0212035753028,0.04675352790338456
4956.07803901951,48.973730830377725,0.04679267848832763
4963.28164082041,48.92980587837637,0.04682662556321797
4970.48524262131,48.89455738192049,0.04685260181778595
4977.68884442221,48.873114003631855,0.046867839941762045
4984.892446223112,48.865714301081475,0.046872719058104945
4992.096048024012,48.85988414507199,0.04687572849485717
4999.299649824912,48.85468069770814,0.04687786216123123
5006.5032516258125,48.85016544063999,0.046879465221335154
5013.706853426713,48.84639985551761,0.04688088283927696
5020.910455227614,48.843445423991035,0.04688246017916467
5028.114057028514,48.84136362771034,0.04688454240510632
5035.3176588294145,48.84021594832556,0.046887474681209906
5042.521260630315,48.840171724410894,0.04689231509399497
5049.724862431215,48.84247499207131,0.046906749837485946
5056.928464232115,48.84725771785582,0.04693013469703955
5064.132066033017,48.85425703225586,0.04695910539676474
5071.335667833917,48.863210065762864,0.046990297660770446
5078.539269634817,48.87385394886827,0.047020347213165635
5085.7428714357175,48.8859258120635,0.04704588977805924
5092.946473236618,48.89916278583999,0.04706356107956022
5100.150075037519,48.91330687361068,0.04706999962525066
5107.353676838419,48.93878857205796,0.0470691723649806
5114.5572786393195,48.98131091382916,0.047067039371089234
5121.76088044022,49.03490006725499,0.04706401598627918
5128.96448224112,49.093582200666134,0.04706051755325303
5136.16808404202,49.15138348239331,0.047056959414713384
5143.371685842922,49.202330080767204,0.04705375691336283
5150.575287643822,49.2404481641185,0.04705132539190398
5157.778889444722,49.25976390077791,0.047050080193039426
5164.982491245622,49.25984343162497,0.04705293135871492
5172.186093046523,49.25449053165488,0.047066049211657586
5179.389694847423,49.24555530734701,0.04708687037378751
5186.593296648324,49.23389518812449,0.04711227977483521
5193.7968984492245,49.22036760341044,0.04713916234453118
5201.000500250125,49.20582998262798,0.047164403012605945
5208.204102051025,49.19113975520024,0.047184886708790015
5215.407703851925,49.17715435055032,0.04719749836281389
5222.611305652827,49.16433821154299,0.047199613770934776
5229.814907453727,49.149310848818466,0.047194993429487284
5237.018509254627,49.132120854116955,0.04718629970101378
5244.222111055527,49.114061766699315,0.047174986284973366
5251.425712856428,49.09642712582637,0.04716250688082514
5258.629314657328,49.08051047075897,0.04715031518802819
5265.832916458229,49.067605340757986,0.04713986490604161
5273.0365182591295,49.05900527508425,0.04713260973432451
5280.24012006003,49.05600963188861,0.047130014855151586
5287.44372186093,49.06451339299351,0.047143130108596956
5294.64732366183,49.0860875995654,0.04717640376052376
5301.8509254627315,49.116558057443186,0.04722339799904174
5309.054527263632,49.15175057246574,0.047277675012260593
5316.258129064532,49.187490950471926,0.04733279698829004
5323.461730865432,49.21960499730065,0.04738232611523981
5330.665332666333,49.243918518790785,0.04741982458121962
5337.868934467233,49.256257320781216,0.04743885457433918
5345.072536268134,49.2541470521477,0.04743676261236619
5352.2761380690345,49.24170768422378,0.047422647017558904
5359.479739869935,49.22206380773951,0.04740035609388881
5366.683341670835,49.198143588748195,0.04737321258297668
5373.886943471735,49.17287519330317,0.04734453922644332
5381.090545272636,49.149186787457744,0.0473176587659095
5388.294147073537,49.130006537265245,0.04729589394299603
5395.497748874437,49.11826260877899,0.047282567499323684
5402.701350675337,49.11776366821729,0.04728145771911822
5409.904952476238,49.13775493993391,0.047298230700788604
5417.108554277138,49.17506777620836,0.04733031080341709
5424.312156078039,49.22349280363679,0.04737335811958062
5431.515757878939,49.27682064881534,0.04742303274185611
5438.71935967984,49.32884193834016,0.0474749947628205
5445.92296148074,49.3733472988074,0.0475249042750507
5453.12656328164,49.40412735681321,0.047568421371123645
5460.330165082541,49.41499172336472,0.04760122381177871
5467.533766883442,49.411031943393894,0.04762868581738589
5474.737368684342,49.40112190535507,0.0476567671963233
5481.940970485242,49.3871340419626,0.04768424311143737
5489.144572286143,49.370940785930856,0.04770988872557451
5496.348174087043,49.35441456997421,0.04773247920158114
5503.551775887944,49.33942782680703,0.047750789702303675
5510.755377688844,49.32785298914368,0.04776359539058855
5517.958979489745,49.32156248969854,0.04776967142928214
5525.162581290645,49.32040613263274,0.04776455659253067
5532.366183091545,49.31976981476073,0.047741419364839166
5539.569784892446,49.319303122374784,0.04770506472093474
5546.773386693347,49.31894592302598,0.047660892115951196
5553.976988494247,49.31863808426546,0.04761430100502232
5561.180590295147,49.31831947364429,0.04757069084328188
5568.384192096048,49.31792995871359,0.047535461085863664
5575.587793896948,49.31740940702444,0.04751401118790146
5582.791395697849,49.31665945926992,0.04751195047363409
5589.994997498749,49.31533009167185,0.04753294142872613
5597.19859929965,49.313515578177565,0.04757181072392181
5604.40220110055,49.31142236854217,0.04762212054733085
5611.60580290145,49.30925691252079,0.04767743308706295
5618.809404702351,49.30722565986852,0.04773131053122785
5626.013006503252,49.305535060340496,0.04777731506793527
5633.216608304152,49.30439156369182,0.04780900888529491
5640.420210105052,49.30402753449509,0.04781997510178636
5647.623811905953,49.31233451113086,0.047812463473977426
5654.827413706853,49.33276897550412,0.04779398550087394
5662.031015507753,49.361426706210466,0.047768071595447985
5669.234617308654,49.39440348184546,0.047738252170671666
5676.438219109555,49.42779508100467,0.04770805763951705
5683.641820910455,49.457697282283675,0.04768101841495625
5690.845422711355,49.48020586427804,0.04766066490996134
5698.0490245122555,49.491416605583346,0.04765052753750442
5705.252626313157,49.49043078688545,0.04765801045577056
5712.456228114057,49.483723943839266,0.047691219051762254
5719.659829914957,49.472750558957884,0.047743140999749266
5726.863431715858,49.45861166798747,0.04780609245973351
5734.067033516758,49.44240830667417,0.04787238959171693
5741.270635317658,49.42524151076417,0.047934348555701424
5748.474237118559,49.40821231600361,0.047984285511688936
5755.67783891946,49.39242175813867,0.04801451661968137
5762.88144072036,49.378464036256865,0.048018459597751736
5770.08504252126,49.36277908273525,0.04800269037654488
5777.2886443221605,49.34540563526614,0.047973716285935906
5784.492246123062,49.327527798136224,0.04793631376700472
5791.695847923962,49.31032967563218,0.047895259260831206
5798.899449724862,49.294995372040695,0.04785532920849525
5806.103051525763,49.28270899164845,0.04782130005107674
5813.306653326663,49.27465463874211,0.04779794822965555
5820.510255127563,49.27200318239967,0.04779010355367285
5827.713856928464,49.272715301134845,0.047811761425840406
5834.917458729365,49.27463013891084,0.047864258493675926
5842.121060530265,49.27768482834165,0.04793762653231703
5849.324662331165,49.28181650204125,0.048021897316901346
5856.5282641320655,49.28696229262365,0.04810710262256651
5863.731865932966,49.293059332702825,0.04818327422445016
5870.935467733867,49.30004475489275,0.048240443897689916
5878.139069534767,49.30785569180744,0.0482686434174234
5885.342671335668,49.324990965648524,0.04826284008774065
5892.546273136568,49.3687066036692,0.04823387581825601
5899.749874937468,49.43174347322981,0.048188810096667284
5906.953476738369,49.505711085757234,0.04813428840621605
5914.15707853927,49.58221895267835,0.048076956230143915
5921.36068034017,49.652876585420046,0.04802345905169243
5928.56428214107,49.70929349540922,0.047980442354103196
5935.7678839419705,49.74307919407272,0.04795455162061778
5942.971485742871,49.74898339784649,0.047953272976953606
5950.175087543772,49.74880812579028,0.047985200500296976
5957.378689344672,49.74844842387929,0.04804341835141754
5964.5822911455725,49.747912692302975,0.04811837364815554
5971.785892946473,49.74720933125086,0.0482005135083512
5978.989494747373,49.74634674091241,0.04828028504984476
5986.193096548274,49.745333321477126,0.04834813539047644
5993.396698349175,49.7441774731345,0.04839451164808646
6000.600300150075,49.74287707847501,0.048409998602604955
6007.803901950975,49.739770185636424,0.048409771964417626
6015.007503751875,49.73392480232065,0.04840918671818714
6022.211105552776,49.72573567159893,0.04840828439818377
6029.414707353677,49.71559753654254,0.04840710653867775
6036.618309154577,49.703905140222695,0.04840569467393937
6043.8219109554775,49.69105322571066,0.048404090338238864
6051.025512756378,49.677436536077686,0.04840233506584651
6058.229114557278,49.663449814395015,0.04840047039103256
6065.432716358178,49.64670049637991,0.04839787732151101
6072.63631815908,49.62213931819158,0.048393324954934855
6079.83991995998,49.59232349906789,0.04838740138057525
6087.04352176088,49.56013143810618,0.04838077114675637
6094.24712356178,49.528441534403804,0.04837409880180237
6101.450725362681,49.50013218705812,0.04836804889403739
6108.654327163582,49.47808179516646,0.04836328597178561
6115.857928964482,49.46516875782619,0.04836047458337118
6123.0615307653825,49.46576905482129,0.04836089592169253
6130.265132566283,49.491550893886725,0.048369353332557735
6137.468734367183,49.538212573055056,0.04838500529713121
6144.672336168083,49.59813255373357,0.04840572790386558
6151.8759379689845,49.663689297329604,0.04842939724121347
6159.079539769885,49.727261265250455,0.04845388939762749
6166.283141570785,49.78122691890344,0.04847708046156026
6173.486743371685,49.81796471969587,0.04849684652146441
6180.690345172586,49.82997275459996,0.04851108882767419
6187.893946973487,49.82670835164649,0.04852141963065821
6195.097548774387,49.81895023906755,0.04853020596974091
6202.3011505752875,49.80805147559043,0.04853793020883369
6209.504752376188,49.795365119942446,0.04854507471184801
6216.708354177088,49.782244230850914,0.04855212184269526
6223.911955977988,49.77004186704314,0.04855955396528689
6231.1155577788895,49.76011108724644,0.048567853443534335
6238.31915957979,49.75380495018813,0.048577502641348996
6245.52276138069,49.751060571731045,0.04859000666606034
6252.72636318159,49.74914450650675,0.048607046686763515
6259.929964982491,49.74772488801787,0.04862698291520649
6267.133566783391,49.74658677702553,0.048648060528470816
6274.337168584292,49.74551523429085,0.048668524703638
6281.540770385192,49.74429532057497,0.04868662061778955
6288.744372186093,49.742712096638996,0.04870059344800701
6295.947973986993,49.74055062324409,0.04870868837137187
6303.151575787893,49.73711933759909,0.048707683716593064
6310.3551775887945,49.72899020266433,0.048687067738084705
6317.558779389695,49.71654283520844,0.048650027984229106
6324.762381190595,49.701021700708566,0.04860258692421395
6331.965982991495,49.68367126464184,0.048550767027226924
6339.169584792396,49.66573599248537,0.04850059076245569
6346.373186593296,49.64846034971629,0.048458080599087947
6353.576788394197,49.633088801811724,0.04842925900631137
6360.780390195097,49.62084640841231,0.04842011068349224
6367.983991995998,49.61071238682627,0.04843064970892744
6375.187593796898,49.60137809465595,0.04845515203684563
6382.391195597798,49.592660371907556,0.048489048897518226
6389.5947973986995,49.5843760585873,0.04852777152121666
6396.7983991996,49.57634199470144,0.04856675113821231
6404.0020010005,49.56837502025617,0.04860141897877661
6411.2056028014,49.560291975257734,0.04862720627318097
6418.409204602301,49.55190969971233,0.0486395442516968
6425.612806403201,49.542630719199806,0.04863532300920472
6432.816408204102,49.53185386221246,0.04861769575674426
6440.020010005002,49.52030138346097,0.04859065623293481
6447.223611805903,49.508736510966784,0.04855815019345105
6454.427213606803,49.49792247275131,0.04852412339396767
6461.630815407703,49.48862249683602,0.04849252159015937
6468.834417208604,49.48159981124232,0.04846729053770081
6476.038019009505,49.47761764399164,0.048452375992266705
6483.241620810405,49.480494720432034,0.04845253240611018
6490.445222611305,49.51027194970675,0.04847411010848316
6497.648824412206,49.563388064208056,0.048512600046527576
6504.852426213106,49.63124546999216,0.04856177207970446
6512.056028014007,49.705246573115275,0.048615396067474836
6519.259629814907,49.776793779633586,0.0486672418692997
6526.463231615808,49.83728949560332,0.04871107934464009
6533.666833416708,49.87813612708066,0.048740678352957006
6540.870435217608,49.890900489667914,0.04874989370328089
6548.0740370185085,49.883022192519,0.0487415932488235
6555.27763881941,49.86452804116424,0.048722547099882316
6562.48124062031,49.838208313039246,0.04869628566942943
6569.68484242121,49.80685328557961,0.04866633937043692
6576.888444222111,49.7732532362209,0.04863623861587688
6584.092046023011,49.74019844239875,0.0486095138187214
6591.295647823912,49.71047918154873,0.04858969539194258
6598.499249624812,49.68688573110645,0.04858031374851249
6605.702851425713,49.66864217613522,0.04858553174818845
6612.906453226613,49.649927346940366,0.048606047349635056
6620.110055027513,49.63134656519566,0.048637688696499724
6627.3136568284135,49.613737997634516,0.048676183692412875
6634.517258629315,49.59793981099028,0.04871726024100491
6641.720860430215,49.58479017199635,0.048756646245906254
6648.924462231115,49.575127247386106,0.04879006961074731
6656.128064032016,49.569789203892924,0.048813258239158504
6663.331665832916,49.56930986207366,0.048823752804272987
6670.535267633816,49.57195535977189,0.048831449903922027
6677.738869434717,49.57697308252694,0.04883847924128552
6684.942471235618,49.5839617936148,0.04884472214701987
6692.146073036518,49.59252025631144,0.048850059951781474
6699.349674837418,49.602247233892854,0.04885437398622672
6706.5532766383185,49.61274148963501,0.048857545581012025
6713.75687843922,49.6236017868139,0.04885945606679379
6720.96048024012,49.634497583816355,0.04885999239435724
6728.16408204102,49.649549841106676,0.04885949494936277
6735.367683841921,49.669818129007005,0.04885836800058468
6742.571285642821,49.693156771442425,0.04885681921937425
6749.774887443721,49.71742009233799,0.0488550562770828
6756.978489244622,49.74046241561877,0.048853286845061614
6764.182091045523,49.760138065209816,0.04885171859466201
6771.385692846423,49.7743013650362,0.04885055919723527
6778.589294647323,49.78080663902301,0.0488500163241327
6785.7928964482235,49.776054863219194,0.0488510113427189
6792.996498249125,49.758238481646885,0.048854850469573795
6800.200100050025,49.73115749170934,0.048861137754482135
6807.403701850925,49.6987368819461,0.048869430767173754
6814.6073036518255,49.66490164089673,0.04887928707737849
6821.810905452726,49.63357675710078,0.0488902642548262
6829.014507253626,49.60868721909782,0.048901919869246704
6836.218109054527,49.5941580154274,0.04891381149036986
6843.421710855428,49.59527564845085,0.04892620673313039
6850.625312656328,49.62095790477685,0.0489429888998083
6857.828914457228,49.66613353534663,0.048963554559509716
6865.032516258128,49.72355480999983,0.048986383368760114
6872.236118059029,49.78597399857611,0.04900995498408498
6879.43971985993,49.84614337091511,0.04903274906200978
6886.64332166083,49.89681519685649,0.04905324525905999
6893.8469234617305,49.930741746239896,0.0490699232317611
6901.050525262631,49.940969345988854,0.049081333142641355
6908.254127063531,49.939248643192315,0.049090374382864746
6915.457728864432,49.935352513237355,0.049099063701183464
6922.661330665333,49.92992558495118,0.049107153869798345
6929.864932466233,49.92361248716098,0.04911439766091021
6937.068534267133,49.91705784869394,0.04912054784671992
6944.272136068033,49.91090629837728,0.04912535719942829
6951.475737868934,49.905802465038185,0.04912857849123614
6958.679339669835,49.90239097750385,0.049129964494344334
6965.882941470735,49.90062201747022,0.04912703488144564
6973.0865432716355,49.89934967981402,0.04911658405864825
6980.290145072536,49.89839265612652,0.049100769690554914
6987.493746873436,49.89760017943697,0.04908187616202991
6994.697348674337,49.89682148277462,0.04906218785793754
7001.900950475238,49.89590579916871,0.049043989163142086
7009.104552276138,49.8947023616485,0.04902956446250786
7016.308154077038,49.89306040324322,0.04902119814089915
7023.511755877938,49.88972147822252,0.04902049491000496
7030.715357678839,49.87854795047552,0.04902438622437995
7037.91895947974,49.86076544484699,0.04903164645016723
7045.12256128064,49.83894284143,0.049041674823814815
7052.3261630815405,49.81564902031767,0.04905387058177074
7059.529764882441,49.79345286160311,0.04906763296048303
7066.733366683341,49.7749232453794,0.049082361196399714
7073.936968484241,49.76262905173966,0.04909745452596881
7081.1405702851425,49.759113456592814,0.04911243780445381
7088.344172086043,49.76458002057955,0.04913259222804017
7095.547773886943,49.77666429176463,0.049159035199733074
7102.751375687843,49.79316495382429,0.04918908924246755
7109.954977488744,49.81188069043475,0.04922007687917861
7117.158579289645,49.83061018527222,0.049249320632801324
7124.362181090545,49.84715212201295,0.049274143026270686
7131.565782891445,49.85930518433315,0.04929186658252175
7138.769384692346,49.86486805590906,0.04929981382448955
7145.972986493246,49.864639154253595,0.04929000734856108
7153.176588294146,49.86339446735661,0.049255539096029165
7160.3801900950475,49.8615192815841,0.04920361087463675
7167.583791895948,49.85928356969277,0.049141698853030616
7174.787393696848,49.8569573044393,0.04907727919985755
7181.990995497748,49.854810458580374,0.049017828083764314
7189.194597298649,49.8531130048727,0.048970821673397696
7196.39819909955,49.852134916072934,0.048943736137404464
7203.60180090045,49.85242550453773,0.04894026053560804
7210.80540270135,49.85551024613696,0.04894216959776972
7218.009004502251,49.86086375398426,0.048945539930741855
7225.212606303151,49.867634575539334,0.04894990427398401
7232.416208104051,49.874971258261816,0.04895479536695575
7239.6198099049525,49.882022349611404,0.04895974594911668
7246.823411705853,49.88793639704777,0.04896428875992635
7254.027013506753,49.891861948030574,0.04896795653884436
7261.230615307653,49.89265893697246,0.04897029962736308
7268.434217108554,49.87827943874795,0.04897176563317873
7275.637818909454,49.84686491916555,0.048972847843589074
7282.841420710355,49.80410557325083,0.048973695522377854
7290.045022511255,49.755691596029436,0.048974457933328816
7297.248624312156,49.707313182526946,0.048975284340225717
7304.452226113056,49.664660527768966,0.048976324006852284
7311.655827913956,49.63342382678111,0.048977726196992276
7318.8594297148575,49.61929327458897,0.04897964017442944
7326.063031515758,49.623942597885,0.048990438839937554
7333.266633316658,49.6406335629765,0.04902136432337872
7340.470235117558,49.66567010417402,0.049066497700005506
7347.673836918459,49.695459507100075,0.04911960233954924
7354.877438719359,49.7264090573772,0.04917444161174117
7362.08104052026,49.7549260406279,0.04922477888631262
7369.28464232116,49.77741774247471,0.04926437753299486
7376.488244122061,49.79029144854014,0.049287000921519185
7383.691845922961,49.7900394058014,0.049289019702900706
7390.895447723861,49.77634906135077,0.04928217453067539
7398.099049524762,49.752745005767494,0.04927037250288375
7405.302651325663,49.72296532337494,0.049255482661687465
7412.506253126563,49.69074809849652,0.049239374049248254
7419.709854927463,49.659831415455606,0.0492239157077278
7426.913456728364,49.63395335857559,0.049210976679287796
7434.117058529264,49.61685201217987,0.049202426006089935
7441.320660330165,49.61233368515151,0.04920030074627389
7448.524262131065,49.624772445564616,0.04921151164621703
7455.727863931966,49.65163670701194,0.049235724070697456
7462.931465732866,49.688087727008224,0.04926857692133788
7470.135067533766,49.72928676306819,0.04930570909976103
7477.338669334667,49.770395072706556,0.0493427595075896
7484.542271135568,49.806573913438044,0.04937536704644631
7491.745872936468,49.83298454277738,0.04939917061795387
7498.949474737368,49.84478821823929,0.04940980912373499
7506.153076538269,49.84355580820673,0.04940958456259476
7513.356678339169,49.83860802983272,0.0494081054238193
7520.56028014007,49.83083309284079,0.049405660027912114
7527.76388194097,49.82095207831186,0.04940235831852979
7534.967483741871,49.80968606732682,0.0493983102393289
7542.171085542771,49.79775614096657,0.049393625733966
7549.374687343671,49.78588338031201,0.04938841474609767
7556.5782891445715,49.774788866444034,0.049382787219380476
7563.781890945473,49.76463878953231,0.04937566722092632
7570.985492746373,49.75313645450297,0.04936160175970535
7578.189094547273,49.740547524709164,0.049341928510301364
7585.392696348174,49.72759184754059,0.04931904180123523
7592.596298149074,49.714989270386965,0.04929533596102781
7599.799899949975,49.703459640637995,0.04927320531819996
7607.003501750875,49.693722805683365,0.049255044201272545
7614.207103551776,49.68649861291281,0.049243246938766444
7621.410705352676,49.682436423003224,0.049240489723981234
7628.614307153576,49.679677280439975,0.049256775917058244
7635.8179089544765,49.67714615399527,0.04929155783986035
7643.021510755378,49.67488334424816,0.049338605351848586
7650.225112556278,49.67292915177773,0.04939168831248395
7657.428714357178,49.671323877163026,0.04944457658122748
7664.6323161580785,49.67010782098313,0.04949104001754017
7671.835917958979,49.66932128381708,0.049524848480883066
7679.03951975988,49.669004566243956,0.04953977183071718
7686.24312156078,49.676466159496556,0.049539447539082904
7693.446723361681,49.70065701211537,0.04953751132174728
7700.650325162581,49.73663498777988,0.049534305691089735
7707.853926963481,49.779270604112995,0.0495299584448649
7715.0575287643815,49.82343437873762,0.04952459738082744
7722.261130565283,49.863996829276665,0.04951835029673198
7729.464732366183,49.89582847335302,0.04951134499033318
7736.668334167083,49.91379982858961,0.04950370925938567
7743.8719359679835,49.91358493606534,0.0494935470002707
7751.075537768884,49.897892066528726,0.049471970373048096
7758.279139569784,49.871178684086765,0.04944121349618123
7765.482741370685,49.8376397500357,0.04940514225174812
7772.686343171586,49.80147022567177,0.049367622521826804
7779.889944972486,49.76686507229124,0.04933252018849532
7787.093546773386,49.73801925119035,0.04930370113383171
7794.297148574286,49.719127723665345,0.04928503123991399
7801.500750375188,49.71470316578389,0.049280129190563966
7808.704352176088,49.735729084294846,0.04928399222021165
7815.907953976988,49.78014567607562,0.04929215274888528
7823.1115557778885,49.84004066264172,0.04930315707712578
7830.315157578789,49.90750176550862,0.04931555150547402
7837.518759379689,49.97461670619183,0.049327882334470934
7844.72236118059,50.03347320620684,0.049338695864657424
7851.925962981491,50.07615898706913,0.04934653839657438
7859.129564782391,50.094761770294205,0.049349956230762715
7866.333166583291,50.09117494586342,0.04934985536816695
7873.536768384191,50.0787361658428,0.04934935959798344
7880.740370185093,50.05966488183253,0.049348544485025236
7887.943971985993,50.03601958007596,0.04934744464118423
7895.147573786893,50.00985874681638,0.049346094678352284
7902.3511755877935,49.983240868297095,0.04934452920842129
7909.554777388694,49.95822443076143,0.04934278284328314
7916.758379189594,49.9368679204527,0.049340890194829706
7923.961980990495,49.919895074112226,0.04933841473511643
7931.1655827913955,49.90231881000743,0.04933339525315747
7938.369184592296,49.884220527191204,0.04932635361948731
7945.572786393196,49.86653728660984,0.04931815513140303
7952.776388194096,49.85020614920961,0.049309665086201694
7959.979989994997,49.836164175936844,0.049301748781180404
7967.183591795898,49.8253484277378,0.04929527151363623
7974.387193596798,49.81869596555881,0.04929109858086625
7981.5907953976985,49.81726101948274,0.04929000735539216
7988.794397198599,49.824327316269084,0.049290223568134846
7995.997998999499,49.8390964030643,0.049290735760625225
8003.2016008004,49.85895162084204,0.04929153898830728
8010.4052026013005,49.88127631057591,0.04929262830662505
8017.608804402201,49.90345381323955,0.04929399877102254
8024.812406203101,49.92286746980659,0.04929564543694377
8032.016008004001,49.93690062125064,0.04929756335983275
8039.219609804902,49.942936608545345,0.04929974759513352
8046.423211605803,49.9340921973763,0.04931475686176935
8053.626813406703,49.90636383742919,0.04935648682635253
8060.830415207603,49.86546612853402,0.049416827392310736
8068.034017008504,49.81719310139204,0.04948746676103598
8075.237618809404,49.767338786704514,0.04956009313392031
8082.441220610305,49.72169721517268,0.0496263947123558
8089.6448224112055,49.68606241749782,0.049678059697734436
8096.848424212106,49.66622842438116,0.0497067762914483
8104.052026013006,49.67015427990805,0.0497070762373297
8111.255627813906,49.70750669812572,0.04968930266091804
8118.459229614807,49.77031092777487,0.04965934197297791
8125.662831415708,49.8487856482093,0.04962177159621084
8132.866433216608,49.933149538782786,0.04958116895331841
8140.070035017508,50.013621278849136,0.04954211146700217
8147.273636818409,50.080419547762155,0.049509176559963675
8154.477238619309,50.123763024875636,0.049486941654904484
8161.680840420209,50.13446168056452,0.04947946962305814
8168.8844422211105,50.121186724965675,0.049477347335843774
8176.088044022011,50.09372820545687,0.049475475960809506
8183.291645822911,50.05692486452338,0.04947386415092835
8190.495247623811,50.01561544465047,0.04947252055917324
8197.698849424713,49.974638688323424,0.049471453838517164
8204.902451225613,49.938833338027514,0.04947067264193308
8212.106053026513,49.913038136248026,0.04947018562239398
8219.309654827413,49.90209182547023,0.04947000143287282
8226.513256628314,49.90705022661263,0.04947623079906753
8233.716858429214,49.922466088525525,0.04949525036896007
8240.920460230114,49.94511107670689,0.04952318899074227
8248.124062031015,49.9717870523467,0.04955610090873944
8255.327663831915,49.99929587663495,0.04959004036727689
8262.531265632815,50.02443941076163,0.049621061610679945
8269.734867433717,50.04401951591674,0.0496452188832739
8276.938469234618,50.05483805329025,0.04965856642938408
8284.142071035518,50.0512808059347,0.04965904524975558
8291.345672836418,50.02356338875353,0.04965343767980563
8298.549274637318,49.97723870502566,0.049644065633964736
8305.752876438219,49.919492183506065,0.04963238281169198
8312.956478239119,49.857509252949676,0.04961984291244647
8320.16008004002,49.79847534211148,0.0496078996356873
8327.36368184092,49.749575879746416,0.04959800668087356
8334.56728364182,49.71799629460945,0.049591617747464345
8341.77088544272,49.71051694506564,0.04959053800758169
8348.974487243622,49.7222014115821,0.049602689269362434
8356.178089044522,49.74615662129754,0.04962756948703188
8363.381690845423,49.778226674908,0.04966081756221275
8370.585292646323,49.81425567310948,0.04969807239652775
8377.788894447223,49.85008771659802,0.0497349728915996
8384.992496248124,49.88156690606962,0.049767157949051004
8392.196098049024,49.90453734222032,0.049790266470504684
8399.399699849924,49.91484312574614,0.04979993735758335
8406.603301650825,49.915913768420495,0.04979862397594576
8413.806903451725,49.9166050204351,0.04979429567834504
8421.010505252625,49.91707377190019,0.04978751194102602
8428.214107053527,49.91741914837562,0.049778781558799376
8435.417708854427,49.9177402754212,0.049768613326475794
8442.621310655328,49.91813627859674,0.04975751603886596
8449.824912456228,49.91870628346208,0.049745998490780555
8457.028514257128,49.91954941557702,0.04973456947703026
8464.232116058029,49.923825030655614,0.04972288864907788
8471.435717858929,49.942816792557714,0.04970806876791743
8478.63931965983,49.97355442159741,0.04969079349115187
8485.84292146073,50.011425375938025,0.049672182411683946
8493.04652326163,50.05181711374287,0.0496533551224164
8500.25012506253,50.09011709317527,0.04963543121625195
8507.453726863432,50.12171277239854,0.049619530286093366
8514.657328664332,50.14199160957599,0.04960677192484337
8521.860930465233,50.146559582447026,0.049598105405755225
8529.064532266133,50.1373362030093,0.049590876340707954
8536.268134067033,50.118404027090854,0.04958396105621388
8543.471735867934,50.09274028999352,0.04957755500766243
8550.675337668834,50.06332222701911,0.04957185365044309
8557.878939469734,50.03312707346943,0.049567052439945296
8565.082541270634,50.0051320646463,0.04956334683155851
8572.286143071535,49.98231443585153,0.04956093228067221
8579.489744872435,49.967651422386936,0.04956000424267583
8586.693346673337,49.95965491198362,0.04957105840647729
8593.896948474237,49.953317242742365,0.04960354789715025
8601.100550275138,49.94815547069833,0.04965089281181948
8608.304152076038,49.94370972804867,0.04970644766724342
8615.507753876938,49.93952014699053,0.04976356698018048
8622.711355677839,49.93512685972107,0.04981560526738908
8629.914957478739,49.93006999843746,0.04985591704562765
8637.11855927964,49.92388969533684,0.04987785683165459
8644.32216108054,49.9156091741818,0.049878221606383145
8651.52576288144,49.9034466028699,0.04986841692270993
8658.72936468234,49.88854445685302,0.04985222115320047
8665.93296648324,49.87232514264691,0.04983212635407036
8673.136568284142,49.856211066767315,0.04981062458153519
8680.340170085043,49.841624635729985,0.04979020789181057
8687.543771885943,49.82998825605068,0.04977336834111208
8694.747373686843,49.822724334245144,0.04976259798565531
8701.950975487744,49.82105599189851,0.04976040341103279
8709.154577288644,49.82218093992015,0.0497681555193822
8716.358179089544,49.82460505535507,0.04978371996437831
8723.561780890444,49.828135612896176,0.04980439701845421
8730.765382691345,49.8325798872364,0.04982748695404303
8737.968984492245,49.83774515306866,0.04985029004357787
8745.172586293145,49.84343868508589,0.049870106559491825
8752.376188094047,49.849467757981,0.04988423677421803
8759.579789894948,49.85563964644692,0.04988998096018955
8766.783391695848,49.86401407384491,0.049875817916509545
8773.986993496748,49.87640850273534,0.04983492266830357
8781.190595297649,49.89135201923659,0.04977556197577788
8788.394197098549,49.90736433566354,0.04970604269298447
8795.59779889945,49.922965164331046,0.0496346716739753
8802.80140070035,49.93667421755399,0.04956975577280234
8810.00500250125,49.94701120764723,0.0495196018435176
8817.20860430215,49.95249584692562,0.04949251674017302
8824.41220610305,49.95273545246943,0.049495708228936695
8831.615807903952,49.95121950026909,0.04952623308372906
8838.819409704853,49.94846559406769,0.049576367738516515
8846.023011505753,49.94459613281678,0.04963842835330099
8853.226613306653,49.93973351546788,0.049704731088084396
8860.430215107554,49.93400014097255,0.04976759210286867
8867.633816908454,49.92751840828233,0.04981932755765573
8874.837418709354,49.92041071634876,0.049852253612447495
8882.041020510254,49.91225947308545,0.04985969465298846
8889.244622311155,49.89469219140068,0.049854248666492525
8896.448224112055,49.86758566234585,0.04984341750226821
8903.651825912955,49.834571930709465,0.0498290702024772
8910.855427713857,49.79928304128001,0.0498130758092812
8918.059029514758,49.76535103884603,0.0497973033648419
8925.262631315658,49.736407968195984,0.049783621911321
8932.466233116558,49.716085874118384,0.049773900490880194
8939.669834917459,49.70801680140174,0.049770008145681166
8946.873436718359,49.723790027074436,0.0497706626532335
8954.077038519259,49.76864604942154,0.04977270113814337
8961.28064032016,49.8338334576014,0.049775993962288156
8968.48424212106,49.910578137021616,0.049780418061163394
8975.68784392196,49.990105973089776,0.049785850370264596
8982.89144572286,50.063642851213494,0.049792167825087316
8990.095047523762,50.12241465680039,0.04979924736112705
8997.298649324663,50.15764727525801,0.049806965913879335
9004.502251125563,50.16773456044659,0.049817637997561455
9011.705852926463,50.17469263428966,0.04983894468079626
9018.909454727363,50.180845621105924,0.04986862009561484
9026.113056528264,50.18614160305753,0.04990344835774516
9033.316658329164,50.19052866230665,0.04994021358291518
9040.520260130064,50.19395488101548,0.04997569988685286
9047.723861930965,50.19636834134618,0.05000669138528616
9054.927463731865,50.19771712546093,0.05002997219394304
9062.131065532765,50.196603319678104,0.05004289870849711
9069.334667333665,50.173399005487155,0.05005236658206488
9076.538269134568,50.127675069550484,0.050061182340806566
9083.741870935468,50.067281488947216,0.05006916056387278
9090.945472736368,50.00006824075646,0.050076115830414165
9098.149074537268,49.93388530205735,0.050081862719581316
9105.352676338169,49.87658264992898,0.05008621581052489
9112.556278139069,49.83601026145048,0.050088989682395495
9119.75987993997,49.82001811370097,0.050089998914343764
9126.96348174087,49.82771735721677,0.050077696966755875
9134.16708354177,49.849171936437344,0.050043494014375245
9141.37068534267,49.88007491316907,0.04999422839929569
9148.57428714357,49.916127490440054,0.049936753276110066
9155.777888944473,49.9530308712784,0.04987792179941125
9162.981490745373,49.98648625871218,0.04982458712379217
9170.185092546273,50.012194855769536,0.04978360240384566
9177.388694347173,50.02585786547855,0.04976182079416463
9184.592296148074,50.02328089938331,0.0497625979398877
9191.795897948974,50.00453157373449,0.04977601782647434
9198.999499749874,49.974079145407515,0.049798641880410034
9206.203101550775,49.936554685536365,0.04982795727834405
9213.406703351675,49.89658926525501,0.049861451196925664
9220.610305152575,49.858813955697435,0.04989661081280416
9227.813906953475,49.827859827997614,0.04993092330262882
9235.017508754378,49.808357953289516,0.04996187584304892
9242.221110555278,49.80513072185589,0.049987518780009364
9249.424712356178,49.82268802584609,0.05001402669490409
9256.628314157078,49.85697247841589,0.05004248516296589
9263.831915957979,49.90212774745864,0.050071212046249244
9271.035517758879,49.95229750086771,0.050098525206808624
9278.23911955978,50.00162540653645,0.05012274250669851
9285.44272136068,50.04425513235821,0.05014218180797338
9292.64632316158,50.07433034622637,0.0501551609726877
9299.84992496248,50.085994716034264,0.050159997862895954
9307.05352676338,50.078548882395374,0.050150065176527175
9314.257128564283,50.058201795022086,0.05012293572669612
9321.460730365183,50.02900466321858,0.05008400621762478
9328.664332166083,49.99500707833519,0.05003867610444693
9335.867933966983,49.96025863172227,0.04999234484229635
9343.071535767884,49.92880891473013,0.04995041188630685
9350.275137568784,49.90470751870914,0.04991827669161219
9357.478739369684,49.89200403500961,0.04990133871334615
9364.682341170585,49.89395793781122,0.049901385578929376
9371.885942971485,49.908544095437435,0.04990817452846282
9379.089544772385,49.93234277871685,0.04991914113334656
9386.293146573285,49.9620124433523,0.04993262402277021
9393.496748374188,49.994211545046575,0.04994696182592339
9400.700350175088,50.02559853950247,0.049960493171995676
9407.903951975988,50.052831882422815,0.04997155669017669
9415.107553776888,50.07257002951041,0.04997849100965603
9422.311155577789,50.082107339729596,0.049979981596213745
9429.514757378689,50.087991791549584,0.049979695627249736
9436.71835917959,50.09296808319411,0.04997908358542095
9443.92196098049,50.09720085501373,0.04997817142964629
9451.12556278139,50.100854747359044,0.04997698511884467
9458.32916458229,50.10409440058062,0.04997555061193501
9465.53276638319,50.107084455029046,0.04997389386783621
9472.736368184092,50.109989551054895,0.0499720408454672
9479.939969984993,50.11297432900875,0.04997001750374687
9487.143571785893,50.11619367267491,0.04996564254512961
9494.347173586793,50.11958116446239,0.049957484100154964
9501.550775387694,50.12296720928051,0.04994681398555933
9508.754377188594,50.126182208859035,0.0499349041883694
9515.957978989494,50.12905656492772,0.0499230266956119
9523.161580790395,50.131420679216376,0.04991245349431353
9530.365182591295,50.133104953454726,0.049904456571501006
9537.568784392195,50.13393978937258,0.049900307914201025
9544.772386193095,50.12806881220721,0.04990557172186595
9551.975987993996,50.09980668821429,0.04993212098985931
9559.179589794898,50.05439740033375,0.04997477819968648
9566.383191595798,49.9986941031585,0.05002710553945717
9573.586793396698,49.93954995128141,0.05008266519728111
9580.790395197599,49.88381809929535,0.050135019361268005
9587.993996998499,49.83835170179321,0.050177730219527594
9595.1975987994,49.81000391336787,0.05020435996016957
9602.4012006003,49.80588935100974,0.050209850219040876
9609.6048024012,49.83174371316543,0.05020767888166304
9616.8084042021,49.881352043661124,0.0502031224171831
9624.012006003,49.94632441990432,0.050196435223006396
9631.2156078039,50.01827091930254,0.050187871696538267
9638.419209604803,50.08880161926328,0.05017768623518406
9645.622811405703,50.14952659719404,0.05016613323634911
9652.826413206603,50.192055930502306,0.050153467097438766
9660.030015007504,50.2079997801006,0.05013994203123883
9667.233616808404,50.19616334414055,0.050115997525515626
9674.437218609304,50.16457540767165,0.05007584935444513
9681.640820410204,50.11880142099207,0.05002515137056647
9688.844422211105,50.0644068344,0.04996955742641875
9696.048024012005,50.00695709819363,0.04991472137454113
9703.251625812905,49.95201766267113,0.049866297067472705
9710.455227613806,49.90515397813069,0.049829938357752616
9717.658829414708,49.87193149487049,0.04981129909791997
9724.862431215608,49.85294415142215,0.04981820081673551
9732.066033016508,49.83566003776576,0.049856225830542215
9739.269634817409,49.81945290426813,0.049916999510289176
9746.473236618309,49.80475871885035,0.049991384316519206
9753.67683841921,49.79201344943352,0.05007024270977516
9760.88044022011,49.78165306393872,0.05014443715059984
9768.08404202101,49.77411353028703,0.05020483009953608
9775.28764382191,49.76983081639954,0.05024228401712671
9782.49124562281,49.77029741988467,0.050249863513730446
9789.69484742371,49.787031062520484,0.050247995704016495
9796.898449224613,49.81886734459036,0.05024410107960036
9804.102051025513,49.86044834523077,0.05023838731183332
9811.305652826413,49.90641614357819,0.05023106207206668
9818.509254627314,49.951412818769086,0.050222333031651745
9825.712856428214,49.99008044993995,0.05021240786193982
9832.916458229114,50.01706111622726,0.05020149423428218
9840.120060030014,50.026998896369385,0.05018979710115388
9847.323661830915,50.023222522640594,0.05016827395757818
9854.527263631815,50.01343181351873,0.0501318489523846
9861.730865432715,49.99953734543572,0.0500857138693556
9868.934467233616,49.98344969482352,0.05003506049227368
9876.138069034518,49.967079438114105,0.04998508060492131
9883.341670835418,49.952337151739414,0.049940965991081
9890.545272636318,49.94113341213141,0.049907908434535214
9897.748874437219,49.93537879572204,0.049891099719066447
9904.952476238119,49.93944232731604,0.0498954080506456
9912.15607803902,49.959497160527235,0.04991982263020706
9919.35967983992,49.99138363633006,0.049958640948575724
9926.56328164082,50.03032531364464,0.05000604820791522
9933.76688344172,50.071545751391085,0.05005622961038915
9940.97048524262,50.11026850848951,0.05010337035816114
9948.17408704352,50.14171714386002,0.050141655653394804
9955.37768884442,50.161115216422736,0.05016527069825376
9962.581290645323,50.16497796628554,0.05016800447959078
9969.784892446223,50.16468640743527,0.05014368846099686
9976.988494247124,50.164063812316336,0.05009780966640834
9984.192096048024,50.16311999664495,0.05003805193582329
9991.395697848924,50.16186477613732,0.04997209910923979
9998.599299649824,50.16030796650967,0.04990763502665592
10005.802901450725,50.1584593834782,0.049852343528069755
10013.006503251625,50.156328842759144,0.04981390845347936
10020.210105052525,50.1539177954614,0.049800016515404465
10027.413706853426,50.14170438471631,0.04981891331042676
10034.617308654326,50.11452710107042,0.04986711123517146
10041.820910455228,50.07725526986031,0.049935265078830095
10049.024512256128,50.03475821642263,0.050014029630594176
10056.228114057029,49.99190526609399,0.05009405967965523
10063.431715857929,49.95356574421101,0.05016601001520479
10070.635317658829,49.92460897611032,0.0502205354264344
10077.83891945973,49.909904287128526,0.050248290702535565
10085.04252126063,49.91534063273041,0.05024659966068085
10092.24612306153,49.94322589379154,0.05023164541973325
10099.44972486243,49.98733595508645,0.05020799018181484
10106.65332666333,50.04108763477894,0.05017916435989773
10113.85692846423,50.09789775103284,0.050148698366954
10121.060530265133,50.15118312201195,0.050120122615955734
10128.264132066033,50.19436056588006,0.050096967519875045
10135.467733866933,50.22084690080101,0.050082763491684
10142.671335667834,50.22409006766258,0.05008
10149.874937468734,50.20205353959512,0.05008
10157.078539269634,50.16081299270004,0.05008
10164.282141070535,50.107242348705334,0.05008
10171.485742871435,50.048215529339025,0.05008
10178.689344672335,49.99060645632911,0.05008
10185.892946473235,49.941289051403615,0.05008
10193.096548274136,49.90713723629053,0.05008
10200.300150075038,49.89500845518894,0.05007997904908934
10207.503751875938,49.89986010682827,0.05006795725741668
10214.707353676838,49.91204026413063,0.05003777633666747
10221.910955477739,49.929202240826335,0.04999525108467811
10229.114557278639,49.94899935064571,0.04994619629928498
10236.31815907954,49.969084907319065,0.049896426778324454
10243.52176088044,49.98711222457671,0.049851757319632935
10250.72536268134,50.00073461614898,0.04981800272104678
10257.92896448224,50.00760539576618,0.049800977780402385
10265.13256628314,50.00530890022458,0.049808280307001296
10272.33616808404,49.99377347053017,0.04984377393683025
10279.539769884943,49.97561808386443,0.04989963666503251
10286.743371685843,49.953542467794286,0.04996756163755605
10293.946973486743,49.930246349886595,0.05003924200034893
10301.150575287644,49.90842945770827,0.05010637089935916
10308.354177088544,49.890791518826205,0.05016064148053477
10315.557778889444,49.880032260807276,0.05019374688982379
10322.761380690345,49.880094192077735,0.05019728986907587
10329.964982491245,49.9030200564828,0.05016762110337519
10337.168584292145,49.94558384304513,0.050112538556059245
10344.372186093045,50.00072472582052,0.05004117976658521
10351.575787893946,50.0613818788648,0.04996268227441026
10358.779389694846,50.120494476233795,0.04988618361899156
10365.982991495748,50.171001691983335,0.04982082133978628
10373.186593296648,50.205842700169214,0.04977573297625161
10380.390195097549,50.21795560163065,0.04976001389594475
10387.593796898449,50.202468994294456,0.0497648400159057
10394.79739869935,50.163906178053224,0.049776771524621635
10402.00100050025,50.109204866058995,0.04979352403722825
10409.20460230115,50.04530277146385,0.04981281316886126
10416.40820410205,49.979137607419844,0.04983235453465637
10423.61180590295,49.91764708707905,0.04984986374974929
10430.81540770385,49.86776892359351,0.04986305642927572
10438.019009504751,49.836440830115315,0.04986964818837137
10445.222611305653,49.82318058043865,0.04986892946297223
10452.426213106553,49.811823016079714,0.04986445452391929
10459.629814907454,49.80155354173045,0.049857446427029155
10466.833416708354,49.79253978449056,0.04984894352905831
10474.037018509254,49.784949371459724,0.049839984186763255
10481.240620310155,49.778949929737685,0.04983160675690049
10488.444222111055,49.77470908642411,0.049824849596226496
10495.647823911955,49.77239446861873,0.049820751061497796
10502.851425712855,49.77279135761827,0.049822099474637616
10510.055027513756,49.78129390982516,0.04984394880825377
10517.258629314656,49.79777052663801,0.04988419782359504
10524.462231115558,49.820538106235844,0.04993620103741988
10531.665832916458,49.84791354679764,0.04999331296648667
10538.869434717359,49.87821374650242,0.05004888812755384
10546.073036518259,49.90975560352918,0.05009628103737983
10553.27663831916,49.94085601605693,0.05012884621272303
10560.48024012006,49.9698639821102,0.050139944561684094
10567.68384192096,50.002894739527,0.05012694982973059
10574.88744372186,50.04310108771879,0.05009529799010608
10582.09104552276,50.087097019783926,0.05005101151199824
10589.29464732366,50.13149652882073,0.05000011286459476
10596.498249124561,50.17291360792758,0.049948624517083325
10603.701850925463,50.20796225020283,0.04990256893865159
10610.905452726363,50.233256448744804,0.04986796859848728
10618.109054527264,50.24541019665186,0.049850845965778046
10625.312656328164,50.245315131116904,0.04985796747485267
10632.516258129064,50.24241281138745,0.04989046116221751
10639.719859929965,50.23762694512769,0.049941100133902135
10646.923461730865,50.23138308838534,0.050002408221259766
10654.127063531765,50.224106797208165,0.05006690925564363
10661.330665332665,50.21622362764389,0.05012712706840694
10668.534267133566,50.20815913574029,0.050175585490902924
10675.737868934466,50.20033887754508,0.050204808354484806
10682.941470735368,50.19288130867054,0.050209511983754535
10690.145072536268,50.18363121396523,0.05020445849796988
10697.348674337169,50.17279959978633,0.05019456604026507
10704.552276138069,50.16126889915442,0.05018063225742122
10711.75587793897,50.14992154509013,0.05016345479621946
10718.95947973987,50.13963997061405,0.05014383130344091
10726.16308154077,50.13130660874678,0.05012255942586671
10733.36668334167,50.12580389250894,0.05010043681027798
10740.57028514257,50.12401877243721,0.0500782117205105
10747.77388694347,50.12720994004112,0.05004830344649058
10754.977488744371,50.134881889874784,0.050007703216008136
10762.181090545271,50.14560055168903,0.049960556589750106
10769.384692346173,50.15793185523467,0.049911009128403384
10776.588294147074,50.17044173026253,0.04986320639265493
10783.791895947974,50.18169610652344,0.04982129394319165
10790.995497748874,50.19026091376821,0.04978941734070048
10798.199099549774,50.19470208174767,0.049771722145868315
10805.402701350675,50.19533579303899,0.049766741110081614
10812.606303151575,50.19573776573112,0.04976279647860146
10819.809904952475,50.19608640805673,0.04975933269894757
10827.013506753376,50.19638058209062,0.04975637494340493
10834.217108554276,50.196619149907555,0.04975394838425855
10841.420710355176,50.196800973582334,0.04975207819379344
10848.624312156078,50.19692491518976,0.049750789544294606
10855.827913956979,50.19698983680459,0.04975010760804706
10863.031515757879,50.19592721827811,0.049750091126991906
10870.23511755878,50.18562591631949,0.049751017792795726
10877.43871935968,50.166461996122955,0.04975289377626418
10884.64232116058,50.140975228013886,0.04975565677599186
10891.84592296148,50.11170538231767,0.049759244490573395
10899.04952476238,50.081192229359665,0.04976359461860339
10906.25312656328,50.05197553946524,0.04976864485867645
10913.45672836418,50.02659508295979,0.04977433290938719
10920.660330165081,50.00754904983349,0.049780661193730605
10927.863931965983,49.9912459005461,0.04979586391168145
10935.067533766884,49.97458433588641,0.04982324236587935
10942.271135567784,49.95829738542352,0.0498592655820783
10949.474737368684,49.94311807872647,0.0499004025860323
10956.678339169584,49.929779445364346,0.04994312240349533
10963.881940970485,49.919014514906195,0.049983894060221364
10971.085542771385,49.91155631692111,0.05001918658196441
10978.289144572285,49.90813788097813,0.05004546899447843
10985.492746373186,49.91338250164777,0.05006338721459227
10992.696348174086,49.93430684399064,0.05008073389966609
10999.899949974986,49.966604827065794,0.050097325086653904
11007.103551775888,50.00554154406363,0.050112599501633284
11014.307153576789,50.0463820881745,0.05012599587068179
11021.510755377689,50.08439155258877,0.050136952919877006
11028.71435717859,50.11483503049683,0.05014490937529649
11035.91795897949,50.13297761508905,0.050149303963017824
11043.12156078039,50.13577312304888,0.05014780522564428
11050.32516258129,50.133625869833494,0.05012797838024383
11057.52876438219,50.12946905387137,0.05009226986825277
11064.73236618309,50.12361835648797,0.05004649448750746
11071.93596798399,50.116389459008744,0.0499964670358443
11079.139569784891,50.10809804275919,0.04994800231109967
11086.343171585793,50.099059789064746,0.049906915111109944
11093.546773386694,50.08959037925089,0.04987902023371152
11100.750375187594,50.07998419434316,0.04987013959209596
11107.953976988494,50.06830353117748,0.049884418619930225
11115.157578789394,50.05361276474104,0.049917764473705675
11122.361180590295,50.03660167728651,0.04996394701288331
11129.564782391195,50.017960051066574,0.05001673609692415
11136.768384192095,49.99837766833388,0.05006990158528923
11143.971985992996,49.9785443113411,0.050117213337439556
11151.175587793896,49.959149762340914,0.05015244121283615
11158.379189594796,49.94088380358597,0.05016935507094003
11165.582791395698,49.92272327645015,0.050160498883575017
11172.786393196599,49.901901806438914,0.050124414071816475
11179.989994997499,49.879701966582566,0.050068975588062774
11187.193596798399,49.85755698169995,0.0500022826150146
11194.3971985993,49.83690007660988,0.049932434335372616
11201.6008004002,49.81916447613118,0.049867529931837504
11208.8044022011,49.80578340508268,0.04981566858710993
11216.008004002,49.79819008828321,0.04978494948389059
11223.2116058029,49.79970209096546,0.04978278678598298
11230.4152076038,49.823059122918536,0.049807005050297844
11237.618809404701,49.86482232632647,0.0498506871812125
11244.822411205601,49.918221615136886,0.04990722150244951
11252.026013006503,49.976486903297456,0.0499699963377315
11259.229614807404,50.032848104755786,0.050032400010781
11266.433216608304,50.08053513345953,0.050087820845320624
11273.636818409204,50.112777903356324,0.05012964716507295
11280.840420210105,50.12285889168734,0.05015144105705334
11288.044022011005,50.111117201076226,0.05016332633273345
11295.247623811905,50.084057758122995,0.0501742531608563
11302.451225612806,50.046706209529106,0.05018404767703474
11309.654827413706,50.004088201995984,0.050192536016881645
11316.858429214606,49.96122938222509,0.05019954431600987
11324.062031015506,49.923155396917856,0.05020489871003229
11331.265632816408,49.89489189277573,0.05020842533456177
11338.469234617309,49.88146451650017,0.05020995032521117
11345.672836418209,49.889467869549854,0.05020865315409759
11352.87643821911,49.92090108640415,0.05020355343827528
11360.08004002001,49.96897037929753,0.05019552090214903
11367.28364182091,50.026677223691195,0.05018548062719282
11374.48724362181,50.087023095046376,0.050174357694880614
11381.69084542271,50.14300946882426,0.05016307718668639
11388.89444722361,50.18763782048607,0.050152564184084106
11396.098049024511,50.21390962549301,0.05014374376854773
11403.301650825411,50.21524340973711,0.05013714839152564
11410.505252626313,50.19228266837642,0.050130685220087776
11417.708854427214,50.151144810385595,0.050124138403244534
11424.912456228114,50.098009155501195,0.05011781000841598
11432.116058029014,50.03905502345976,0.050112002103022184
11439.319659829915,49.980461733997856,0.05010701675448322
11446.523261630815,49.928408606852024,0.050103156030219156
11453.726863431715,49.889074961758816,0.05010072199765007
11460.930465232615,49.868441380509324,0.05010004998086507
11468.134067033516,49.85682017844357,0.050103510694139874
11475.337668834416,49.846114165292605,0.050111383990981154
11482.541270635316,49.83650095874042,0.050122216171929794
11489.744872436218,49.82815817647103,0.0501345535375267
11496.948474237119,49.82126343616841,0.05014694238831279
11504.152076038019,49.815994355516565,0.05015792902482896
11511.35567783892,49.812528552199495,0.05016605974761612
11518.55927963982,49.81104364390121,0.05016988085721517
11525.76288144072,49.820195756659324,0.05015963858404583
11532.96648324162,49.853572458283395,0.05012203103292011
11540.17008504252,49.904381655578796,0.050064781233150654
11547.37368684342,49.965251015574374,0.049996196038789444
11554.577288644321,50.02880820529901,0.04992458230388844
11561.780890445221,50.087680891781574,0.04985824688249963
11568.984492246123,50.134496742050956,0.04980549662867498
11576.188094047024,50.161883423136,0.04977463839646648
11583.391695847924,50.162872701927846,0.04977073800544476
11590.595297648824,50.138019949876224,0.04977660296168113
11597.798899449725,50.09420303940773,0.049786943235538
11605.002501250625,50.038462029331406,0.04980009745620498
11612.206103051525,49.97783697845631,0.04981440425287167
11619.409704852425,49.919367945591475,0.04982820225472767
11626.613306653326,49.87009498954597,0.0498398300909626
11633.816908454226,49.837058169128824,0.04984762639076606
11641.020510255126,49.82700419177626,0.04984996567892412
11648.224112056027,49.827268814491276,0.04984795148314084
11655.427713856929,49.827933939672214,0.04984342619460143
11662.631315657829,49.82898382899695,0.049837220498711095
11669.83491745873,49.83040274414333,0.04983016508087502
11677.03851925963,49.832174946789216,0.04982309062649841
11684.24212106053,49.83428469861248,0.04981682782098647
11691.44572286143,49.83671626129098,0.049812207349744377
11698.64932466233,49.83945389650257,0.04981005989817735
11705.85292646323,49.846126240625544,0.0498138080543661
11713.056528264131,49.8626227891451,0.04982762602179421
11720.260130065031,49.88676645685121,0.049849252501813206
11727.463731865932,49.91617219673971,0.04987626912804184
11734.667333666834,49.94845496180646,0.049906257534098865
11741.870935467734,49.98122970504729,0.04993679935360299
11749.074537268634,50.012111379458055,0.04996547622017297
11756.278139069535,50.03871493803461,0.04998986976742755
11763.481740870435,50.05986853474153,0.050008739321534705
11770.685342671335,50.08143681896542,0.05002775868429089
11777.888944472235,50.103626682520435,0.0500472442469005
11785.092546273136,50.12531484483237,0.050066231342441335
11792.296148074036,50.14537802532699,0.05008375530399126
11799.499749874936,50.162692943430095,0.05009885146462812
11806.703351675837,50.17613631856745,0.050110555157429716
11813.906953476739,50.184584870164855,0.050117901715473916
11821.110555277639,50.186655882707974,0.05011994924523716
11828.31415707854,50.16927610419287,0.05011738585607564
11835.51775887944,50.13070281530468,0.05011169658042842
11842.72136068034,50.07797607485247,0.05010391977505199
11849.92496248124,50.01813594164528,0.05009509379670285
11857.12856428214,49.95822247449217,0.050086257002137494
11864.33216608304,49.90527573220217,0.05007844774811242
11871.535767883941,49.86633577358434,0.05007270439138413
11878.739369684841,49.848442657447734,0.05007006528870911
11885.942971485742,49.848756591206254,0.050073023780458234
11893.146573286644,49.85157365546173,0.05008352873841777
11900.350175087544,49.85625455537615,0.050099378205132716
11907.553776888444,49.862567426956254,0.0501182877957388
11914.757378689344,49.870280406208785,0.05013797312537171
11921.960980490245,49.87916162914049,0.05015614980916716
11929.164582291145,49.888979231758114,0.050170533462260865
11936.368184092045,49.8995013500684,0.050178839699788515
11943.571785892946,49.911758640261795,0.05017642669025868
11950.775387693846,49.93238232716465,0.050150189434049024
11957.978989494746,49.96028955512528,0.05010455437568207
11965.182591295646,49.99299676313328,0.05004679001245328
11972.386193096549,50.02802039017824,0.04998416484165813
11979.589794897449,50.062876875249735,0.04992394736059211
11986.79339669835,50.09508265733738,0.049873406066550705
11993.99699849925,50.12215417543074,0.04983980945682938
12001.20060030015,50.14175056565049,0.04983034370129421
12008.40420210105,50.158381818836794,0.04984547515512826
12015.60780390195,50.17480591266115,0.04987866146971455
12022.81140570285,50.190432520916794,0.049923880175865396
12030.01500750375,50.20467131739698,0.04997510880439311
12037.218609304651,50.21693197589493,0.050026324886110037
12044.422211105551,50.2266241702039,0.05007150595182846
12051.625812906452,50.23315757411712,0.050104629532360716
12058.829414707354,50.23594186142783,0.05011967315851912
12066.033016508254,50.23116716339148,0.05011235957375875
12073.236618309154,50.214308035867646,0.050086376091219305
12080.440220110055,50.18802220882426,0.05004734435808853
12087.643821910955,50.155103514044384,0.05000087150085151
12094.847423711855,50.11834578331112,0.049952564645993326
12102.051025512756,50.080542848407546,0.04990803091999906
12109.254627313656,50.04448854111675,0.04987287744935381
12116.458229114556,50.01297669322181,0.04985271136054263
12123.661830915456,49.98750524504654,0.049850193755697055
12130.865432716357,49.9625145708595,0.049851655497229225
12138.069034517259,49.937481277418364,0.049854438928464855
12145.27263631816,49.91300591355984,0.04985841113973911
12152.47623811906,49.88968902812059,0.04986343922138714
12159.67983991996,49.86813116993732,0.04986939026374414
12166.88344172086,49.848932887846715,0.04987613135714526
12174.08704352176,49.83269473068544,0.04988352959192568
12181.29064532266,49.81994985155763,0.049891595268038755
12188.49424712356,49.808526260693164,0.0499055550581358
12195.697848924461,49.79739734302491,0.04992669648698564
12202.901450725361,49.78692417322749,0.049953100671302285
12210.105052526262,49.77746782597547,0.0499828487277997
12217.308654327164,49.769389375943426,0.05001402177319191
12224.512256128064,49.76304989780596,0.050044700924192886
12231.715857928964,49.75881046623766,0.05007296729751662
12238.919459729865,49.75703215591309,0.050096902009877126
12246.123061530765,49.76014470432234,0.05011790034912065
12253.326663331665,49.77061718118459,0.050140231418979934
12260.530265132566,49.786280922650946,0.050162832634655354
12267.733866933466,49.80489307812737,0.050184541036579655
12274.937468734366,49.82421079701983,0.05020419366518555
12282.141070535266,49.8419912287343,0.05022062756090576
12289.344672336167,49.855991522676746,0.05023267976417302
12296.548274137069,49.86396882825313,0.05023918731542004
12303.751875937969,49.864449168306145,0.050238779792546755
12310.95547773887,49.86069565825573,0.05023015988898134
12318.15907953977,49.85425189564383,0.05021451426044472
12325.36268134067,49.8461354700918,0.05019330563558516
12332.56628314157,49.83736397122103,0.050167996743050954
12339.76988494247,49.82895498865286,0.05014005031149038
12346.97348674337,49.821926112008676,0.050110929069551724
12354.177088544271,49.81729493090983,0.05008209574588326
12361.380690345171,49.81642703141941,0.050054748899647145
12368.584292146072,49.83116547695572,0.050021423557179805
12375.787893946974,49.8627586591581,0.049980734384227815
12382.991495747874,49.905537150136034,0.049936220822952467
12390.195097548774,49.953831521999085,0.04989142231551503
12397.398699349675,50.001972346856775,0.04984987830407677
12404.602301150575,50.044290196818615,0.049815128230798984
12411.805902951475,50.075115643994145,0.049790711537842924
12419.009504752376,50.08877926049289,0.04978016766736988
12426.213106553276,50.08067441551317,0.0497883854807781
12433.416708354176,50.05351481872429,0.04981574047034963
12440.620310155076,50.013064688100904,0.049856481609107
12447.823911955977,49.96509728720912,0.049904794099213834
12455.027513756877,49.915385879615066,0.04995486314283374
12462.231115557779,49.86970372888487,0.050000873942130354
12469.43471735868,49.83382409858466,0.050037011699267255
12476.63831915958,49.81352025228055,0.05005746161640808
12483.84192096048,49.812776504797235,0.05005658518561911
12491.04552276138,49.824635020457066,0.05003413434058689
12498.24912456228,49.84535605867872,0.04999583687350458
12505.45272636318,49.87226283740127,0.04994771525355987
12512.656328164081,49.902678574563765,0.04989579194994043
12519.859929964981,49.933926488105264,0.04984608943183395
12527.063531765882,49.963329795964825,0.0498046301684281
12534.267133566782,49.988211716081494,0.04977743662891058
12541.470735367684,50.00611055006036,0.04977074470018936
12548.674337168584,50.021677989459114,0.04979379719364305
12555.877938969485,50.037325600770295,0.049842671023738926
12563.081540770385,50.05241178117572,0.04990864399372242
12570.285142571285,50.066294927857136,0.04998299390683895
12577.488744372185,50.07833343799636,0.05005699856633395
12584.692346173086,50.08788570877519,0.05012193577545283
12591.895947973986,50.0943101373754,0.05016908333744104
12599.099549774886,50.09696512097878,0.05018971905554399
12606.303151575787,50.09613118669186,0.05018854960827502
12613.506753376687,50.09316504348753,0.05018362164591255
12620.710355177589,50.08834681981691,0.050175665872332305
12627.91395697849,50.08194018262643,0.05016516289837585
12635.11755877939,50.07420879886253,0.050152593334884796
12642.32116058029,50.06541633547162,0.050138437792700684
12649.52476238119,50.055826459400144,0.05012317688266513
12656.72836418209,50.04570283759451,0.05010729121561968
12663.93196598299,50.033690622327796,0.05008942302864364
12671.135567783891,50.0130441806116,0.05006194257167366
12678.339169584791,49.985613822858234,0.0500267715693383
12685.542771385692,49.95446677925668,0.04998720111810006
12692.746373186592,49.922670279995884,0.04994652231442141
12699.949974987494,49.893291555264824,0.04990802625476487
12707.153576788394,49.86939783525247,0.04987500403559293
12714.357178589295,49.85405635014779,0.0498507467533681
12721.560780390195,49.850602437071856,0.04983820925060274
12728.764382191095,49.86744907022872,0.04983030381229337
12735.967983991995,49.90278407808366,0.04982307126761987
12743.171585792896,49.950335785827434,0.04981662237463626
12750.375187593796,50.00383251865082,0.04981106789139656
12757.578789394696,50.057002601744536,0.04980651857595481
12764.782391195597,50.10357436029937,0.049803085186365045
12771.985992996497,50.137276119506076,0.04980087848068127
12779.189594797399,50.151836204555416,0.049800009216957514
12786.3931965983,50.1506077838753,0.0498005279173934
12793.5967983992,50.14624541783747,0.04980234298860277
12800.8004002001,50.13980235791909,0.04980537833877007
12808.004002001,50.13219235806585,0.04980955845104028
12815.2076038019,50.1243291722235,0.049814807808558376
12822.4112056028,50.11712655433773,0.049821050894469344
12829.614807403701,50.11149825835427,0.049828212191918166
12836.818409204601,50.10835803821884,0.049836216184049834
12844.022011005502,50.10814165852707,0.04984939469164717
12851.225612806402,50.10901105336739,0.04988575718266182
12858.429214607302,50.110475816012965,0.04994075293322955
12865.632816408204,50.11230750797737,0.05000683025784858
12872.836418209105,50.11427769077417,0.050076437471017074
12880.040020010005,50.116157925916944,0.050142022887233254
12887.243621810905,50.117719774919266,0.05019603482099534
12894.447223611805,50.118734799294685,0.050230921586801515
12901.650825412706,50.11833031532685,0.05023942036529509
12908.854427213606,50.101297958058204,0.05022468435232581
12916.058029014506,50.06592151272463,0.0501940986887659
12923.261630815407,50.01841143505625,0.05015306282974914
12930.465232616307,49.96497818078317,0.05010697623040932
12937.668834417207,49.911832205635505,0.05006123834588022
12944.87243621811,49.86518396534335,0.05002124863129562
12952.07603801901,49.831243915636854,0.049992406541789325
12959.27963981991,49.8162225122461,0.049980111532495104
12966.48324162081,49.81519123092154,0.049985200609814914
12973.68684342171,49.81439739837557,0.05000117884358389
12980.89044522261,49.81371492761872,0.050024681702648274
12988.094047023511,49.81314490097728,0.05005238644538729
12995.297648824411,49.81268840077751,0.05008097033018014
13002.501250625312,49.81234650934566,0.050107110615406035
13009.704852426212,49.812120309007994,0.05012748455944418
13016.908454227112,49.81201088209078,0.05013876942067379
13024.112056028014,49.81740570760455,0.05013924245948053
13031.315657828914,49.84950163727112,0.05013468198092248
13038.519259629815,49.90325119914848,0.050126876724030114
13045.722861430715,49.970306004914406,0.050116844278424784
13052.926463231615,50.04231766624665,0.05010560223372787
13060.130065032516,50.110937794823,0.05009416817956073
13067.333666833416,50.167818002321205,0.05008355970554473
13074.537268634316,50.20460990041902,0.050074794401301255
13081.740870435216,50.21341128751312,0.050068819938872106
13088.944472236117,50.19965240182942,0.05006466362654834
13096.148074037017,50.1711258656292,0.05006140782912164
13103.35167583792,50.132476175933135,0.05005869119844075
13110.55527763882,50.08834782976194,0.05005615238635441
13117.75887943972,50.04338532413633,0.05005343004471136
13124.96248124062,50.002233156076976,0.05005016282536035
13132.16608304152,49.9695358226046,0.05004598938015009
13139.36968484242,49.94993782073989,0.050040548360929346
13146.57328664332,49.94018017071386,0.05002807059150032
13153.776888444221,49.931165224471144,0.05000333416172489
13160.980490245121,49.92298482954679,0.04997030427269964
13168.184092046022,49.91579778177343,0.049933001441785724
13175.387693846922,49.909762876983706,0.04989544618634432
13182.591295647824,49.90503891101026,0.04986165902373655
13189.794897448724,49.9017846796857,0.049835660471323595
13196.998499249625,49.90015897884268,0.0498214710464666
13204.202101050525,49.90090641376582,0.049825611072401
13211.405702851425,49.90625427323761,0.04985786791347401
13218.609304652326,49.91552156565787,0.04991156682156868
13225.812906453226,49.92769448767848,0.04997840094263304
13233.016508254126,49.94175923595132,0.0500500634226151
13240.220110055026,49.956702007128285,0.050118247407462915
13247.423711855927,49.97150899786127,0.05017464604312448
13254.627313656827,49.98516640480216,0.050210952475547826
13261.83091545773,49.99673119110522,0.05021912425203475
13269.03451725863,50.00703597374224,0.0502004189473043
13276.23811905953,50.016837978351234,0.050162372517389496
13283.44172086043,50.02640377533846,0.05011163044553192
13290.64532266133,50.03599993511017,0.05005483821497316
13297.84892446223,50.0458930280726,0.04999864130895478
13305.05252626313,50.056349624632006,0.04994968521071839
13312.256128064031,50.06763629519461,0.04991461540350554
13319.459729864931,50.08001961016668,0.049900077370557815
13326.663331665832,50.095628996170205,0.04990387554080103
13333.866933466732,50.11586124140871,0.04991552763853001
13341.070535267632,50.138812875321804,0.049932948500279156
13348.274137068534,50.16256613285382,0.04995410294680576
13355.477738869435,50.18520324894911,0.049976955798867066
13362.681340670335,50.20480645855203,0.049999471877220356
13369.884942471235,50.2194579966069,0.050019616002622884
13377.088544272136,50.22724009805808,0.05003535299583192
13384.292146073036,50.22310231714024,0.05004605723420564
13391.495747873936,50.19581980342815,0.050056281356322
13398.699349674836,50.15066652096377,0.05006625488834113
13405.902951475737,50.094599460015644,0.05007560402183068
13413.106553276637,50.03457561085228,0.05008395494835832
13420.310155077537,49.977551963742215,0.050090933859491704
13427.51375687844,49.930485508953986,0.05009616694679851
13434.71735867934,49.900333236756126,0.05009928040184638
13441.92096048024,49.893960011329106,0.0500999097168029
13449.12456228114,49.9128887574541,0.050098129583938486
13456.32816408204,49.95101537879591,0.05009454400826371
13463.53176588294,50.00171515924809,0.05008977600383247
13470.735367683841,50.05836338270419,0.05008444858469867
13477.938969484741,50.114335333057745,0.0500791847649162
13485.142571285642,50.16300629420233,0.050074607558538965
13492.346173086542,50.19775155003148,0.05007133997962086
13499.549774887442,50.21194638443874,0.050070005042215794
13506.753376688344,50.196180333143744,0.05007527322228542
13513.956978489245,50.15027928599306,0.05009057357133565
13521.160580290145,50.08356567560435,0.05011281144146522
13528.364182091045,50.00538471278607,0.05013887176240464
13535.567783891946,49.92508160834671,0.050165639463884436
13542.771385692846,49.85200157309472,0.0501899994756351
13549.974987493746,49.795489817838586,0.05020883672738714
13557.178589294646,49.76489155338678,0.05021903614887108
13564.382191095547,49.76571315847687,0.05021391048128831
13571.585792896447,49.78587746198585,0.05018101634875601
13578.789394697347,49.819337576791746,0.050126887820553336
13585.99299649825,49.861275799900284,0.05005983175073227
13593.19659829915,49.906874428317174,0.049988154993344795
13600.40020010005,49.95131575904816,0.04992016440244289
13607.60380190095,49.98978208909895,0.04986416683207852
13614.80740370185,50.017455715475286,0.04982846913630366
13622.01100550275,50.03025824014742,0.049820593066812996
13629.214607303651,50.0379617544456,0.04983143234319947
13636.418209104551,50.044983534054936,0.04985305755039406
13643.621810905452,50.051220015655645,0.049881730604073374
13650.825412706352,50.056567635927934,0.04991371341991402
13658.029014507252,50.06092283155204,0.049945267913592606
13665.232616308154,50.06418203920819,0.049972656000785765
13672.436218109055,50.06624169557658,0.04999213959717008
13679.639819909955,50.06699823733745,0.049999980618422174
13686.843421710855,50.05748029723244,0.049998197025990995
13694.047023511755,50.03036521998949,0.04999306159469498
13701.250625312656,49.99110863719283,0.049985626635831976
13708.454227113556,49.94519307251675,0.04997693050615847
13715.657828914456,49.89810104963556,0.04996801156243098
13722.861430715357,49.855315092223556,0.049959908161405976
13730.065032516257,49.82231772395505,0.04995365865983998
13737.268634317157,49.804591468504356,0.049950301414489466
13744.472236118057,49.803113377953906,0.049950633567370964
13751.67583791896,49.803756041073036,0.04995395465050527
13758.87943971986,49.804932968045925,0.04995938878963904
13766.08304152076,49.80660593147093,0.04996610529936709
13773.28664332166,49.808736703946494,0.04997327349428421
13780.49024512256,49.81128705807096,0.04998006268898522
13787.693846923461,49.81421876644274,0.0499856421980649
13794.897448724361,49.81749360166024,0.04998918133611807
13802.101050525262,49.8212726081727,0.04998935329617921
13809.304652326162,49.82865202899681,0.04997835612466846
13816.508254127062,49.840189309140726,0.04995661974840363
13823.711855927962,49.85521370354474,0.04992788225170811
13830.915457728865,49.873054467149146,0.049895881718905306
13838.119059529765,49.8930408548942,0.0498643562343186
13845.322661330665,49.91450212172018,0.04983704388227138
13852.526263131565,49.93676752256741,0.04981768274708703
13859.729864932466,49.95916631237612,0.04981001091308895
13866.933466733366,49.98682455252288,0.04981016306222231
13874.137068534266,50.02380547348308,0.04981066124564887
13881.340670335167,50.06637100779928,0.04981146884496725
13888.544272136067,50.110773567543895,0.04981255990125853
13895.747873936967,50.153265564789294,0.04981390845560381
13902.951475737867,50.19009941160789,0.04981548854908415
13910.15507753877,50.21752752007209,0.049817274222780664
13917.35867933967,50.23180230225428,0.04981923951777443
13924.56228114057,50.229953776909646,0.049822195134047495
13931.76588294147,50.21444789451353,0.049828696502550035
13938.96948474237,50.189217152119845,0.04983795762861946
13946.173086543271,50.15810346972763,0.049848888237661426
13953.376688344171,50.12494876733592,0.049860398055081634
13960.580290145072,50.09359496494377,0.049871396806285745
13967.783891945972,50.06788398255021,0.04988079421667945
13974.987493746872,50.05165774015426,0.049887500011668424
13982.191095547772,50.0486596660608,0.049890610253300556
13989.394697348675,50.0591324857971,0.04989225345982099
13996.598299149575,50.07964435497953,0.04989345660600949
14003.801900950475,50.10668562777114,0.04989437173696254
14011.005502751375,50.13674665833498,0.04989515089777663
14018.209104552276,50.16631780083406,0.049895946133548245
14025.412706353176,50.19188940943145,0.049896909489373885
14032.616308154076,50.20995183829017,0.049898193010350006
14039.819909954977,50.216995441573275,0.049899948741573115
14047.023511755877,50.21567055262339,0.04990293101088237
14054.227113556777,50.21178979351843,0.0499076694226611
14061.430715357677,50.20573338083925,0.04991387516233136
14068.63431715858,50.197877886027584,0.049921258973368125
14075.83791895948,50.188599880525175,0.04992953159924636
14083.04152076038,50.17827593577375,0.049938403783441054
14090.24512256128,50.167282623215044,0.04994758626942717
14097.44872436218,50.15599651429079,0.0499567898006797
14104.652326163081,50.1429418546617,0.049966558136133
14111.855927963981,50.12298835907538,0.049979142654018476
14119.059529764882,50.09804984936608,0.049993701852443985
14126.263131565782,50.070641911893944,0.05000912657760147
14133.466733366682,50.04328013301909,0.05002430767568285
14140.670335167582,50.018480099101616,0.05003813599288004
14147.873936968483,49.99875739650165,0.05004950237538498
14155.077538769385,49.98662761157932,0.050057297669389586
14162.281140570285,49.98466777538233,0.0500606819565143
14169.484742371185,49.99459650374957,0.05006270796131134
14176.688344172086,50.013869837217186,0.05006452565233938
14183.891945972986,50.03920656843463,0.05006611615038468
14191.095547773886,50.067325490051374,0.05006746057623349
14198.299149574786,50.0949453947169,0.05006854005067204
14205.502751375687,50.118785075080666,0.050069335694486586
14212.706353176587,50.13556332379214,0.05006982862846336
14219.909954977487,50.14199893350081,0.05006999997338863
14227.113556778388,50.12712585102768,0.05006595519749935
14234.31715857929,50.08698436654204,0.050054993959111324
14241.52076038019,50.02952676887155,0.050039209601661444
14248.72436218109,49.96270687077097,0.05002069614460864
14255.92796398199,49.89447848499507,0.05000154760741186
14263.13156578289,49.83279542429861,0.04998385800953002
14270.335167583791,49.78561150143636,0.04996972137042207
14277.538769384691,49.76088052916309,0.04996123170954694
14284.742371185592,49.75934734539442,0.04995869697580273
14291.945972986492,49.76115440097899,0.04995719873409365
14299.149574787392,49.76440859468211,0.04995613035285295
14306.353176588293,49.76900169187834,0.04995532223381037
14313.556778389195,49.77482545794221,0.0499546047786957
14320.760380190095,49.781771658248275,0.04995380838923871
14327.963981990995,49.78973205817107,0.04995276346716916
14335.167583791896,49.79859842308514,0.04995130041421684
14342.371185592796,49.80884086945369,0.04994912819105157
14349.574787393696,49.82770688949191,0.04994460917201171
14356.778389194596,49.85642420828905,0.04993753360326439
14363.981990995497,49.89373201521995,0.04992823375897167
14371.185592796397,49.938369499659444,0.04991704191329564
14378.389194597297,49.98907585098236,0.04990429034039839
14385.592796398198,50.04459025856353,0.04989031131444197
14392.7963981991,50.10365191177782,0.04987543710958848
14400.0,50.165,0.04986
